player_id,timestamp,label,classifier_id
33,2026-04-13T19:01:58.443595,2,model_1
33,2026-04-13T19:01:58.649957,2,model_1
49,2026-04-13T19:01:58.776603,2,model_1
49,2026-04-13T19:01:58.832958,2,model_1
16,2026-04-13T19:01:58.954394,2,model_1
16,2026-04-13T19:01:59.063232,2,model_1
3,2026-04-13T19:01:59.157656,2,model_1
3,2026-04-13T19:01:59.319579,2,model_1
28,2026-04-13T19:01:59.451490,4,model_1
28,2026-04-13T19:01:59.686061,4,model_1
60,2026-04-13T19:01:59.771518,4,model_1
60,2026-04-13T19:01:59.893880,4,model_1
12,2026-04-13T19:02:00.046401,1,model_1
12,2026-04-13T19:02:00.184123,1,model_1
97,2026-04-13T19:02:00.315622,2,model_1
97,2026-04-13T19:02:00.539885,2,model_1
10,2026-04-13T19:02:00.599447,4,model_1
10,2026-04-13T19:02:00.904741,4,model_1
80,2026-04-13T19:02:00.963836,2,model_1
80,2026-04-13T19:02:01.122951,2,model_1
5,2026-04-13T19:02:01.268756,1,model_1
5,2026-04-13T19:02:01.404676,1,model_1
56,2026-04-13T19:02:01.619184,4,model_1
56,2026-04-13T19:02:01.687936,4,model_1
81,2026-04-13T19:02:01.914968,2,model_1
81,2026-04-13T19:02:02.059885,2,model_1
71,2026-04-13T19:02:02.142469,2,model_1
71,2026-04-13T19:02:02.198712,2,model_1
2,2026-04-13T19:02:02.299279,2,model_1
2,2026-04-13T19:02:02.330071,2,model_1
74,2026-04-13T19:02:02.473736,2,model_1
74,2026-04-13T19:02:02.495262,2,model_1
13,2026-04-13T19:02:02.606721,3,model_1
13,2026-04-13T19:02:02.637025,3,model_1
40,2026-04-13T19:02:02.767314,2,model_1
40,2026-04-13T19:02:02.772021,2,model_1
19,2026-04-13T19:02:03.029789,1,model_1
19,2026-04-13T19:02:03.061360,1,model_1
77,2026-04-13T19:02:03.176910,2,model_1
77,2026-04-13T19:02:03.200740,2,model_1
34,2026-04-13T19:02:03.341755,4,model_1
34,2026-04-13T19:02:03.369315,4,model_1
35,2026-04-13T19:02:03.487554,3,model_1
35,2026-04-13T19:02:03.503038,3,model_1
27,2026-04-13T19:02:03.642636,3,model_1
27,2026-04-13T19:02:03.683716,3,model_1
47,2026-04-13T19:02:03.784923,4,model_1
47,2026-04-13T19:02:03.809057,4,model_1
25,2026-04-13T19:02:03.904679,2,model_1
25,2026-04-13T19:02:03.971135,2,model_1
37,2026-04-13T19:02:04.135588,2,model_1
37,2026-04-13T19:02:04.186008,2,model_1
6,2026-04-13T19:02:04.307018,2,model_1
6,2026-04-13T19:02:04.382723,2,model_1
9,2026-04-13T19:02:04.500822,2,model_1
9,2026-04-13T19:02:04.554218,2,model_1
62,2026-04-13T19:02:04.693717,2,model_1
62,2026-04-13T19:02:04.699577,2,model_1
87,2026-04-13T19:02:04.817868,3,model_1
87,2026-04-13T19:02:04.856236,3,model_1
58,2026-04-13T19:02:04.998962,2,model_1
58,2026-04-13T19:02:05.022111,2,model_1
61,2026-04-13T19:02:05.205262,3,model_1
61,2026-04-13T19:02:05.236876,3,model_1
69,2026-04-13T19:02:05.372818,2,model_1
69,2026-04-13T19:02:05.375101,2,model_1
23,2026-04-13T19:02:05.499101,3,model_1
23,2026-04-13T19:02:05.520881,3,model_1
24,2026-04-13T19:02:05.645125,4,model_1
24,2026-04-13T19:02:05.669054,4,model_1
84,2026-04-13T19:02:05.802762,3,model_1
84,2026-04-13T19:02:05.817793,3,model_1
46,2026-04-13T19:02:05.961769,1,model_1
46,2026-04-13T19:02:05.978512,1,model_1
95,2026-04-13T19:02:06.122758,3,model_1
95,2026-04-13T19:02:06.125905,3,model_1
85,2026-04-13T19:02:06.338417,2,model_1
85,2026-04-13T19:02:06.342057,2,model_1
43,2026-04-13T19:02:06.475409,2,model_1
43,2026-04-13T19:02:06.537804,2,model_1
88,2026-04-13T19:02:06.660995,2,model_1
88,2026-04-13T19:02:06.712851,2,model_1
38,2026-04-13T19:02:06.785351,2,model_1
38,2026-04-13T19:02:06.833200,2,model_1
42,2026-04-13T19:02:06.965370,4,model_1
42,2026-04-13T19:02:06.992058,4,model_1
14,2026-04-13T19:02:07.142702,1,model_1
14,2026-04-13T19:02:07.145516,1,model_1
93,2026-04-13T19:02:07.277276,3,model_1
93,2026-04-13T19:02:07.294809,3,model_1
70,2026-04-13T19:02:07.489609,4,model_1
70,2026-04-13T19:02:07.514878,4,model_1
90,2026-04-13T19:02:07.645528,2,model_1
90,2026-04-13T19:02:07.665392,2,model_1
44,2026-04-13T19:02:07.764111,4,model_1
44,2026-04-13T19:02:07.807756,4,model_1
66,2026-04-13T19:02:07.994081,2,model_1
66,2026-04-13T19:02:08.012652,2,model_1
72,2026-04-13T19:02:08.136070,3,model_1
72,2026-04-13T19:02:08.138812,3,model_1
52,2026-04-13T19:02:08.291316,4,model_1
52,2026-04-13T19:02:08.293527,4,model_1
31,2026-04-13T19:02:08.484331,1,model_1
31,2026-04-13T19:02:08.505749,1,model_1
65,2026-04-13T19:02:08.604617,4,model_1
65,2026-04-13T19:02:08.672210,4,model_1
39,2026-04-13T19:02:08.761839,3,model_1
39,2026-04-13T19:02:08.817852,3,model_1
54,2026-04-13T19:02:08.925255,4,model_1
54,2026-04-13T19:02:09.002027,4,model_1
67,2026-04-13T19:02:09.140874,2,model_1
67,2026-04-13T19:02:09.163996,2,model_1
8,2026-04-13T19:02:09.302182,3,model_1
8,2026-04-13T19:02:09.318976,3,model_1
21,2026-04-13T19:02:09.508814,3,model_1
21,2026-04-13T19:02:09.552273,3,model_1
36,2026-04-13T19:02:09.670749,2,model_1
36,2026-04-13T19:02:09.695672,2,model_1
20,2026-04-13T19:02:09.812326,4,model_1
20,2026-04-13T19:02:09.839844,4,model_1
50,2026-04-13T19:02:09.938492,4,model_1
50,2026-04-13T19:02:09.985254,4,model_1
73,2026-04-13T19:02:10.108492,3,model_1
73,2026-04-13T19:02:10.133225,3,model_1
55,2026-04-13T19:02:10.259166,2,model_1
55,2026-04-13T19:02:10.276896,2,model_1
92,2026-04-13T19:02:10.413993,2,model_1
92,2026-04-13T19:02:10.416749,2,model_1
45,2026-04-13T19:02:10.623078,4,model_1
45,2026-04-13T19:02:10.664623,4,model_1
15,2026-04-13T19:02:10.772764,2,model_1
15,2026-04-13T19:02:10.823119,2,model_1
79,2026-04-13T19:02:10.919184,4,model_1
79,2026-04-13T19:02:10.990458,4,model_1
78,2026-04-13T19:02:11.095175,2,model_1
78,2026-04-13T19:02:11.148871,2,model_1
68,2026-04-13T19:02:11.288186,4,model_1
68,2026-04-13T19:02:11.291118,4,model_1
53,2026-04-13T19:02:11.423057,2,model_1
53,2026-04-13T19:02:11.441893,2,model_1
32,2026-04-13T19:02:11.570614,4,model_1
32,2026-04-13T19:02:11.641943,4,model_1
48,2026-04-13T19:02:11.795209,4,model_1
48,2026-04-13T19:02:11.798091,4,model_1
7,2026-04-13T19:02:11.896132,3,model_1
7,2026-04-13T19:02:11.946359,3,model_1
76,2026-04-13T19:02:12.071589,1,model_1
76,2026-04-13T19:02:12.124143,1,model_1
89,2026-04-13T19:02:12.217584,4,model_1
89,2026-04-13T19:02:12.272770,4,model_1
26,2026-04-13T19:02:12.352192,2,model_1
26,2026-04-13T19:02:12.459303,2,model_1
82,2026-04-13T19:02:12.526572,3,model_1
82,2026-04-13T19:02:12.717327,3,model_1
59,2026-04-13T19:02:12.778798,2,model_1
59,2026-04-13T19:02:12.917492,2,model_1
96,2026-04-13T19:02:12.936942,3,model_1
96,2026-04-13T19:02:13.041756,3,model_1
11,2026-04-13T19:02:13.066229,1,model_1
30,2026-04-13T19:02:13.215065,2,model_1
11,2026-04-13T19:02:13.218980,1,model_1
30,2026-04-13T19:02:13.329633,2,model_1
94,2026-04-13T19:02:13.352288,3,model_1
94,2026-04-13T19:02:13.474902,3,model_1
33,2026-04-13T19:02:13.505602,2,model_1
33,2026-04-13T19:02:13.657871,2,model_1
49,2026-04-13T19:02:13.738079,2,model_1
49,2026-04-13T19:02:13.886921,2,model_1
16,2026-04-13T19:02:13.971714,2,model_1
16,2026-04-13T19:02:14.024630,2,model_1
3,2026-04-13T19:02:14.175222,2,model_1
3,2026-04-13T19:02:14.200056,2,model_1
28,2026-04-13T19:02:14.355600,4,model_1
28,2026-04-13T19:02:14.359782,4,model_1
60,2026-04-13T19:02:14.518830,4,model_1
60,2026-04-13T19:02:14.522960,4,model_1
12,2026-04-13T19:02:14.616473,1,model_1
12,2026-04-13T19:02:14.637892,1,model_1
97,2026-04-13T19:02:14.741182,2,model_1
97,2026-04-13T19:02:14.826272,2,model_1
10,2026-04-13T19:02:14.935174,4,model_1
10,2026-04-13T19:02:14.959851,4,model_1
80,2026-04-13T19:02:15.055535,2,model_1
80,2026-04-13T19:02:15.091336,2,model_1
5,2026-04-13T19:02:15.247372,1,model_1
5,2026-04-13T19:02:15.250429,1,model_1
56,2026-04-13T19:02:15.401384,4,model_1
56,2026-04-13T19:02:15.417483,4,model_1
81,2026-04-13T19:02:15.507002,2,model_1
81,2026-04-13T19:02:15.527954,2,model_1
71,2026-04-13T19:02:15.656696,2,model_1
71,2026-04-13T19:02:15.675146,2,model_1
2,2026-04-13T19:02:15.797384,2,model_1
2,2026-04-13T19:02:15.821005,2,model_1
74,2026-04-13T19:02:15.996120,2,model_1
74,2026-04-13T19:02:16.042329,2,model_1
13,2026-04-13T19:02:16.159276,3,model_1
13,2026-04-13T19:02:16.183806,3,model_1
40,2026-04-13T19:02:16.304280,2,model_1
40,2026-04-13T19:02:16.308828,2,model_1
19,2026-04-13T19:02:16.454832,1,model_1
19,2026-04-13T19:02:16.458437,1,model_1
77,2026-04-13T19:02:16.569053,2,model_1
77,2026-04-13T19:02:16.573261,2,model_1
34,2026-04-13T19:02:16.721721,4,model_1
34,2026-04-13T19:02:16.728949,4,model_1
35,2026-04-13T19:02:16.860140,3,model_1
35,2026-04-13T19:02:16.886166,3,model_1
27,2026-04-13T19:02:17.027084,3,model_1
27,2026-04-13T19:02:17.032387,3,model_1
47,2026-04-13T19:02:17.262189,4,model_1
47,2026-04-13T19:02:17.270332,4,model_1
25,2026-04-13T19:02:17.404362,2,model_1
25,2026-04-13T19:02:17.409656,2,model_1
37,2026-04-13T19:02:17.517958,2,model_1
37,2026-04-13T19:02:17.552888,2,model_1
6,2026-04-13T19:02:17.637507,2,model_1
6,2026-04-13T19:02:17.701420,2,model_1
9,2026-04-13T19:02:17.791594,2,model_1
9,2026-04-13T19:02:17.838705,2,model_1
62,2026-04-13T19:02:17.968113,2,model_1
62,2026-04-13T19:02:17.991364,2,model_1
87,2026-04-13T19:02:18.095487,3,model_1
87,2026-04-13T19:02:18.176064,3,model_1
58,2026-04-13T19:02:18.338524,2,model_1
58,2026-04-13T19:02:18.397427,2,model_1
61,2026-04-13T19:02:18.554967,3,model_1
61,2026-04-13T19:02:18.582175,3,model_1
69,2026-04-13T19:02:18.699003,2,model_1
69,2026-04-13T19:02:18.740926,2,model_1
23,2026-04-13T19:02:18.858665,3,model_1
23,2026-04-13T19:02:18.900618,3,model_1
24,2026-04-13T19:02:18.987399,4,model_1
24,2026-04-13T19:02:19.040580,4,model_1
84,2026-04-13T19:02:19.135373,3,model_1
84,2026-04-13T19:02:19.195217,3,model_1
46,2026-04-13T19:02:19.302112,1,model_1
46,2026-04-13T19:02:19.346244,1,model_1
95,2026-04-13T19:02:19.525378,3,model_1
95,2026-04-13T19:02:19.548083,3,model_1
85,2026-04-13T19:02:19.694255,2,model_1
85,2026-04-13T19:02:19.715407,2,model_1
43,2026-04-13T19:02:19.809540,2,model_1
43,2026-04-13T19:02:19.837663,2,model_1
88,2026-04-13T19:02:19.946419,2,model_1
88,2026-04-13T19:02:19.971438,2,model_1
38,2026-04-13T19:02:20.101601,2,model_1
38,2026-04-13T19:02:20.126625,2,model_1
42,2026-04-13T19:02:20.241618,4,model_1
42,2026-04-13T19:02:20.273356,4,model_1
14,2026-04-13T19:02:20.397397,1,model_1
14,2026-04-13T19:02:20.439555,1,model_1
93,2026-04-13T19:02:20.607265,3,model_1
93,2026-04-13T19:02:20.631247,3,model_1
70,2026-04-13T19:02:20.715217,4,model_1
70,2026-04-13T19:02:20.741627,4,model_1
90,2026-04-13T19:02:20.830530,2,model_1
90,2026-04-13T19:02:20.893460,2,model_1
44,2026-04-13T19:02:20.970307,4,model_1
44,2026-04-13T19:02:21.033402,4,model_1
66,2026-04-13T19:02:21.121836,2,model_1
66,2026-04-13T19:02:21.221481,2,model_1
72,2026-04-13T19:02:21.277988,3,model_1
72,2026-04-13T19:02:21.406454,3,model_1
52,2026-04-13T19:02:21.421629,4,model_1
52,2026-04-13T19:02:21.541361,4,model_1
31,2026-04-13T19:02:21.568793,1,model_1
31,2026-04-13T19:02:21.738364,1,model_1
65,2026-04-13T19:02:21.790663,4,model_1
65,2026-04-13T19:02:21.906505,4,model_1
39,2026-04-13T19:02:21.976537,3,model_1
39,2026-04-13T19:02:22.047639,3,model_1
54,2026-04-13T19:02:22.092988,4,model_1
54,2026-04-13T19:02:22.184459,4,model_1
67,2026-04-13T19:02:22.241388,2,model_1
67,2026-04-13T19:02:22.338583,2,model_1
8,2026-04-13T19:02:22.365552,3,model_1
8,2026-04-13T19:02:22.484481,3,model_1
21,2026-04-13T19:02:22.543533,3,model_1
21,2026-04-13T19:02:22.645313,3,model_1
36,2026-04-13T19:02:22.671174,2,model_1
36,2026-04-13T19:02:22.895765,2,model_1
20,2026-04-13T19:02:22.898745,4,model_1
50,2026-04-13T19:02:23.047438,4,model_1
20,2026-04-13T19:02:23.061174,4,model_1
73,2026-04-13T19:02:23.190875,3,model_1
50,2026-04-13T19:02:23.194271,4,model_1
73,2026-04-13T19:02:23.331274,3,model_1
55,2026-04-13T19:02:23.342903,2,model_1
55,2026-04-13T19:02:23.488148,2,model_1
92,2026-04-13T19:02:23.509868,2,model_1
92,2026-04-13T19:02:23.612155,2,model_1
45,2026-04-13T19:02:23.657234,4,model_1
45,2026-04-13T19:02:23.869585,4,model_1
15,2026-04-13T19:02:24.002592,2,model_1
15,2026-04-13T19:02:24.196719,2,model_1
79,2026-04-13T19:02:24.279849,4,model_1
79,2026-04-13T19:02:24.453309,4,model_1
78,2026-04-13T19:02:24.535832,2,model_1
78,2026-04-13T19:02:24.773135,2,model_1
68,2026-04-13T19:02:24.828663,4,model_1
68,2026-04-13T19:02:25.059433,4,model_1
53,2026-04-13T19:02:25.156958,2,model_1
53,2026-04-13T19:02:25.339904,2,model_1
32,2026-04-13T19:02:25.378070,4,model_1
48,2026-04-13T19:02:25.617343,4,model_1
32,2026-04-13T19:02:25.627458,4,model_1
76,2026-04-13T19:02:25.798298,1,model_1
48,2026-04-13T19:02:25.870649,4,model_1
89,2026-04-13T19:02:26.139348,4,model_1
76,2026-04-13T19:02:26.266592,1,model_1
26,2026-04-13T19:02:26.379856,2,model_1
89,2026-04-13T19:02:26.548048,4,model_1
82,2026-04-13T19:02:26.633530,3,model_1
26,2026-04-13T19:02:26.866038,2,model_1
59,2026-04-13T19:02:26.897404,2,model_1
96,2026-04-13T19:02:27.196766,3,model_1
82,2026-04-13T19:02:27.257049,3,model_1
59,2026-04-13T19:02:27.545484,2,model_1
11,2026-04-13T19:02:27.563823,1,model_1
96,2026-04-13T19:02:27.844425,3,model_1
30,2026-04-13T19:02:27.909160,2,model_1
11,2026-04-13T19:02:28.085963,1,model_1
94,2026-04-13T19:02:28.275312,3,model_1
30,2026-04-13T19:02:28.386404,2,model_1
33,2026-04-13T19:02:28.541696,2,model_1
94,2026-04-13T19:02:28.639944,3,model_1
49,2026-04-13T19:02:28.852535,2,model_1
51,2026-04-13T19:02:28.957713,1,model_1
16,2026-04-13T19:02:29.098412,2,model_1
18,2026-04-13T19:02:29.228473,4,model_1
3,2026-04-13T19:02:29.477540,2,model_1
86,2026-04-13T19:02:29.564203,4,model_1
63,2026-04-13T19:02:29.835636,2,model_1
28,2026-04-13T19:02:29.877656,4,model_1
17,2026-04-13T19:02:30.046232,4,model_1
60,2026-04-13T19:02:30.182056,4,model_1
12,2026-04-13T19:02:30.497318,1,model_1
83,2026-04-13T19:02:30.504631,3,model_1
91,2026-04-13T19:02:30.751959,2,model_1
97,2026-04-13T19:02:30.781293,2,model_1
29,2026-04-13T19:02:30.985687,2,model_1
10,2026-04-13T19:02:31.035753,4,model_1
80,2026-04-13T19:02:31.969104,2,model_1
98,2026-04-13T19:02:32.709196,2,model_1
5,2026-04-13T19:02:32.737598,1,model_1
57,2026-04-13T19:02:33.270542,3,model_1
56,2026-04-13T19:02:33.339089,4,model_1
51,2026-04-13T19:02:33.665393,1,model_1
81,2026-04-13T19:02:33.707787,2,model_1
18,2026-04-13T19:02:34.039853,4,model_1
71,2026-04-13T19:02:34.044594,2,model_1
86,2026-04-13T19:02:34.507197,4,model_1
2,2026-04-13T19:02:34.574498,2,model_1
63,2026-04-13T19:02:34.926189,2,model_1
74,2026-04-13T19:02:35.010672,2,model_1
17,2026-04-13T19:02:35.240765,4,model_1
13,2026-04-13T19:02:35.405650,3,model_1
83,2026-04-13T19:02:35.676616,3,model_1
40,2026-04-13T19:02:35.799035,2,model_1
91,2026-04-13T19:02:35.957857,2,model_1
19,2026-04-13T19:02:36.094549,1,model_1
29,2026-04-13T19:02:36.297912,2,model_1
77,2026-04-13T19:02:36.512635,2,model_1
98,2026-04-13T19:02:36.735629,2,model_1
34,2026-04-13T19:02:36.967009,4,model_1
57,2026-04-13T19:02:37.144601,3,model_1
35,2026-04-13T19:02:37.362860,3,model_1
51,2026-04-13T19:02:37.579802,1,model_1
27,2026-04-13T19:02:37.735960,3,model_1
18,2026-04-13T19:02:38.065151,4,model_1
47,2026-04-13T19:02:38.278501,4,model_1
86,2026-04-13T19:02:38.468555,4,model_1
25,2026-04-13T19:02:38.597279,2,model_1
63,2026-04-13T19:02:38.765830,2,model_1
37,2026-04-13T19:02:38.830331,2,model_1
17,2026-04-13T19:02:39.112976,4,model_1
6,2026-04-13T19:02:39.205668,2,model_1
83,2026-04-13T19:02:39.496659,3,model_1
9,2026-04-13T19:02:39.522119,2,model_1
91,2026-04-13T19:02:39.765502,2,model_1
62,2026-04-13T19:02:39.870130,2,model_1
29,2026-04-13T19:02:39.958574,2,model_1
87,2026-04-13T19:02:40.108965,3,model_1
98,2026-04-13T19:02:40.170434,2,model_1
58,2026-04-13T19:02:40.242214,2,model_1
57,2026-04-13T19:02:40.319995,3,model_1
61,2026-04-13T19:02:40.370018,3,model_1
51,2026-04-13T19:02:40.475106,1,model_1
69,2026-04-13T19:02:40.512478,2,model_1
18,2026-04-13T19:02:40.666473,4,model_1
23,2026-04-13T19:02:40.691338,3,model_1
24,2026-04-13T19:02:40.835561,4,model_1
86,2026-04-13T19:02:40.837757,4,model_1
63,2026-04-13T19:02:41.000245,2,model_1
84,2026-04-13T19:02:41.003144,3,model_1
46,2026-04-13T19:02:41.161077,1,model_1
17,2026-04-13T19:02:41.163505,4,model_1
83,2026-04-13T19:02:41.303837,3,model_1
95,2026-04-13T19:02:41.330262,3,model_1
91,2026-04-13T19:02:41.542131,2,model_1
85,2026-04-13T19:02:41.586614,2,model_1
29,2026-04-13T19:02:41.940745,2,model_1
43,2026-04-13T19:02:41.981162,2,model_1
98,2026-04-13T19:02:42.267850,2,model_1
88,2026-04-13T19:02:42.410065,2,model_1
57,2026-04-13T19:02:42.700918,3,model_1
38,2026-04-13T19:02:42.865425,2,model_1
51,2026-04-13T19:02:43.137371,1,model_1
42,2026-04-13T19:02:43.328160,4,model_1
18,2026-04-13T19:02:43.555932,4,model_1
14,2026-04-13T19:02:43.830845,1,model_1
86,2026-04-13T19:02:43.974617,4,model_1
93,2026-04-13T19:02:44.238835,3,model_1
63,2026-04-13T19:02:44.389997,2,model_1
70,2026-04-13T19:02:44.644387,4,model_1
17,2026-04-13T19:02:44.816175,4,model_1
90,2026-04-13T19:02:45.058803,2,model_1
83,2026-04-13T19:02:45.255843,3,model_1
44,2026-04-13T19:02:45.360815,4,model_1
91,2026-04-13T19:02:45.430880,2,model_1
66,2026-04-13T19:02:45.512983,2,model_1
29,2026-04-13T19:02:45.564931,2,model_1
72,2026-04-13T19:02:45.676984,3,model_1
98,2026-04-13T19:02:45.732415,2,model_1
52,2026-04-13T19:02:45.878252,4,model_1
57,2026-04-13T19:02:45.903009,3,model_1
31,2026-04-13T19:02:46.041578,1,model_1
22,2026-04-13T19:02:46.089470,4,model_1
65,2026-04-13T19:02:46.201898,4,model_1
1,2026-04-13T19:02:46.236684,4,model_1
39,2026-04-13T19:02:46.400739,3,model_1
64,2026-04-13T19:02:46.456885,2,model_1
54,2026-04-13T19:02:46.600257,4,model_1
4,2026-04-13T19:02:46.621262,2,model_1
67,2026-04-13T19:02:46.767014,2,model_1
41,2026-04-13T19:02:46.775241,2,model_1
75,2026-04-13T19:02:46.906575,3,model_1
8,2026-04-13T19:02:46.930925,3,model_1
5,2026-04-13T19:02:47.093648,4,model_1
21,2026-04-13T19:02:47.096161,3,model_1
36,2026-04-13T19:02:47.245655,2,model_1
8,2026-04-13T19:02:47.275513,3,model_1
20,2026-04-13T19:02:47.432078,4,model_1
73,2026-04-13T19:02:47.453794,2,model_1
50,2026-04-13T19:02:47.607320,4,model_1
26,2026-04-13T19:02:47.633834,4,model_1
73,2026-04-13T19:02:47.762851,3,model_1
14,2026-04-13T19:02:47.900853,3,model_1
55,2026-04-13T19:02:48.058958,2,model_1
85,2026-04-13T19:02:48.084447,2,model_1
31,2026-04-13T19:02:48.240174,4,model_1
92,2026-04-13T19:02:48.253812,2,model_1
11,2026-04-13T19:02:48.384580,2,model_1
45,2026-04-13T19:02:48.431727,4,model_1
34,2026-04-13T19:02:48.574092,2,model_1
15,2026-04-13T19:02:48.600277,2,model_1
15,2026-04-13T19:02:48.727037,2,model_1
79,2026-04-13T19:02:48.786162,4,model_1
46,2026-04-13T19:02:49.244816,2,model_1
78,2026-04-13T19:02:49.298839,2,model_1
30,2026-04-13T19:02:49.685454,4,model_1
68,2026-04-13T19:02:49.756991,4,model_1
82,2026-04-13T19:02:50.097377,2,model_1
53,2026-04-13T19:02:50.188811,2,model_1
25,2026-04-13T19:02:50.670512,3,model_1
32,2026-04-13T19:02:50.690888,4,model_1
45,2026-04-13T19:02:51.113318,4,model_1
48,2026-04-13T19:02:51.143467,4,model_1
36,2026-04-13T19:02:51.527641,2,model_1
76,2026-04-13T19:02:51.635697,1,model_1
40,2026-04-13T19:02:52.035556,2,model_1
89,2026-04-13T19:02:52.079210,4,model_1
76,2026-04-13T19:02:52.454032,1,model_1
26,2026-04-13T19:02:52.506096,2,model_1
69,2026-04-13T19:02:52.738155,2,model_1
82,2026-04-13T19:02:52.764954,3,model_1
59,2026-04-13T19:02:52.896590,2,model_1
97,2026-04-13T19:02:52.927663,2,model_1
96,2026-04-13T19:02:53.093653,3,model_1
23,2026-04-13T19:02:53.107121,2,model_1
11,2026-04-13T19:02:53.305265,1,model_1
72,2026-04-13T19:02:53.324195,2,model_1
30,2026-04-13T19:02:53.471694,2,model_1
55,2026-04-13T19:02:53.514959,2,model_1
94,2026-04-13T19:02:53.624318,3,model_1
65,2026-04-13T19:02:53.654974,3,model_1
22,2026-04-13T19:02:53.832895,4,model_1
84,2026-04-13T19:02:53.848138,4,model_1
1,2026-04-13T19:02:53.975073,4,model_1
90,2026-04-13T19:02:54.004908,1,model_1
58,2026-04-13T19:02:54.229231,1,model_1
64,2026-04-13T19:02:54.235711,2,model_1
4,2026-04-13T19:02:54.394783,2,model_1
49,2026-04-13T19:02:54.447024,2,model_1
41,2026-04-13T19:02:54.723816,2,model_1
6,2026-04-13T19:02:54.726514,4,model_1
75,2026-04-13T19:02:54.892471,3,model_1
29,2026-04-13T19:02:54.897456,3,model_1
20,2026-04-13T19:02:55.059045,4,model_1
5,2026-04-13T19:02:55.083170,4,model_1
8,2026-04-13T19:02:55.267633,3,model_1
94,2026-04-13T19:02:55.280751,3,model_1
67,2026-04-13T19:02:55.420695,2,model_1
73,2026-04-13T19:02:55.445241,2,model_1
51,2026-04-13T19:02:55.638445,2,model_1
26,2026-04-13T19:02:55.653261,4,model_1
14,2026-04-13T19:02:55.791338,3,model_1
78,2026-04-13T19:02:55.808403,2,model_1
85,2026-04-13T19:02:55.982994,2,model_1
60,2026-04-13T19:02:56.057931,3,model_1
31,2026-04-13T19:02:56.215644,4,model_1
47,2026-04-13T19:02:56.237788,2,model_1
11,2026-04-13T19:02:56.363223,2,model_1
53,2026-04-13T19:02:56.385318,2,model_1
34,2026-04-13T19:02:56.562533,2,model_1
38,2026-04-13T19:02:56.578185,2,model_1
15,2026-04-13T19:02:56.708866,2,model_1
2,2026-04-13T19:02:56.732926,2,model_1
46,2026-04-13T19:02:56.903691,2,model_1
52,2026-04-13T19:02:56.917918,2,model_1
30,2026-04-13T19:02:57.073286,4,model_1
57,2026-04-13T19:02:57.094072,3,model_1
82,2026-04-13T19:02:57.253818,2,model_1
98,2026-04-13T19:02:57.285486,2,model_1
25,2026-04-13T19:02:57.500576,3,model_1
18,2026-04-13T19:02:57.523080,4,model_1
45,2026-04-13T19:02:57.653461,4,model_1
93,2026-04-13T19:02:57.680657,3,model_1
36,2026-04-13T19:02:57.831175,2,model_1
32,2026-04-13T19:02:57.854693,4,model_1
40,2026-04-13T19:02:57.989505,2,model_1
27,2026-04-13T19:02:58.010821,3,model_1
76,2026-04-13T19:02:58.144734,1,model_1
24,2026-04-13T19:02:58.184910,4,model_1
69,2026-04-13T19:02:58.306020,2,model_1
37,2026-04-13T19:02:58.329956,2,model_1
83,2026-04-13T19:02:58.484812,3,model_1
97,2026-04-13T19:02:58.490872,2,model_1
74,2026-04-13T19:02:58.645622,2,model_1
23,2026-04-13T19:02:58.661425,2,model_1
72,2026-04-13T19:02:58.894435,2,model_1
33,2026-04-13T19:02:58.898860,2,model_1
55,2026-04-13T19:02:59.050718,2,model_1
70,2026-04-13T19:02:59.076697,4,model_1
65,2026-04-13T19:02:59.205507,3,model_1
59,2026-04-13T19:02:59.229898,4,model_1
84,2026-04-13T19:02:59.374687,4,model_1
56,2026-04-13T19:02:59.385620,4,model_1
90,2026-04-13T19:02:59.521204,1,model_1
77,2026-04-13T19:02:59.542541,3,model_1
58,2026-04-13T19:02:59.714151,1,model_1
44,2026-04-13T19:02:59.738855,4,model_1
35,2026-04-13T19:02:59.907087,2,model_1
49,2026-04-13T19:02:59.909518,2,model_1
48,2026-04-13T19:03:00.186404,2,model_1
6,2026-04-13T19:03:00.195888,4,model_1
29,2026-04-13T19:03:00.375100,3,model_1
68,2026-04-13T19:03:00.385461,2,model_1
12,2026-04-13T19:03:00.593962,3,model_1
20,2026-04-13T19:03:00.608084,4,model_1
17,2026-04-13T19:03:00.739966,3,model_1
94,2026-04-13T19:03:00.761609,3,model_1
61,2026-04-13T19:03:00.906018,1,model_1
67,2026-04-13T19:03:00.924103,2,model_1
71,2026-04-13T19:03:01.062415,3,model_1
51,2026-04-13T19:03:01.072557,2,model_1
63,2026-04-13T19:03:01.201555,2,model_1
78,2026-04-13T19:03:01.226162,2,model_1
28,2026-04-13T19:03:01.468747,2,model_1
60,2026-04-13T19:03:01.500546,3,model_1
96,2026-04-13T19:03:01.657426,3,model_1
47,2026-04-13T19:03:01.676495,2,model_1
53,2026-04-13T19:03:01.839284,2,model_1
22,2026-04-13T19:03:01.842652,4,model_1
1,2026-04-13T19:03:02.010723,4,model_1
38,2026-04-13T19:03:02.026749,2,model_1
64,2026-04-13T19:03:02.151360,2,model_1
2,2026-04-13T19:03:02.179967,2,model_1
4,2026-04-13T19:03:02.318029,2,model_1
52,2026-04-13T19:03:02.339560,2,model_1
41,2026-04-13T19:03:02.485649,2,model_1
57,2026-04-13T19:03:02.488571,3,model_1
98,2026-04-13T19:03:02.721034,2,model_1
75,2026-04-13T19:03:02.737891,3,model_1
18,2026-04-13T19:03:02.876752,4,model_1
5,2026-04-13T19:03:02.910364,4,model_1
8,2026-04-13T19:03:03.070712,3,model_1
93,2026-04-13T19:03:03.076501,3,model_1
32,2026-04-13T19:03:03.212675,4,model_1
73,2026-04-13T19:03:03.256365,2,model_1
27,2026-04-13T19:03:03.371048,3,model_1
26,2026-04-13T19:03:03.401420,4,model_1
24,2026-04-13T19:03:03.541522,4,model_1
14,2026-04-13T19:03:03.564257,3,model_1
37,2026-04-13T19:03:03.716187,2,model_1
85,2026-04-13T19:03:03.731331,2,model_1
83,2026-04-13T19:03:03.944521,3,model_1
31,2026-04-13T19:03:03.967845,4,model_1
11,2026-04-13T19:03:04.132950,2,model_1
74,2026-04-13T19:03:04.137089,2,model_1
34,2026-04-13T19:03:04.321262,2,model_1
33,2026-04-13T19:03:04.341013,2,model_1
15,2026-04-13T19:03:04.497129,2,model_1
70,2026-04-13T19:03:04.502440,4,model_1
46,2026-04-13T19:03:04.679590,2,model_1
59,2026-04-13T19:03:04.703014,4,model_1
30,2026-04-13T19:03:04.858573,4,model_1
56,2026-04-13T19:03:04.906799,4,model_1
82,2026-04-13T19:03:05.046234,2,model_1
77,2026-04-13T19:03:05.055920,3,model_1
25,2026-04-13T19:03:05.262844,3,model_1
44,2026-04-13T19:03:05.268692,4,model_1
45,2026-04-13T19:03:05.443397,4,model_1
35,2026-04-13T19:03:05.445803,2,model_1
48,2026-04-13T19:03:05.624866,2,model_1
36,2026-04-13T19:03:05.642616,2,model_1
68,2026-04-13T19:03:05.782802,2,model_1
40,2026-04-13T19:03:05.800243,2,model_1
12,2026-04-13T19:03:05.926151,3,model_1
76,2026-04-13T19:03:05.959299,1,model_1
17,2026-04-13T19:03:06.101770,2,model_1
69,2026-04-13T19:03:06.116058,2,model_1
61,2026-04-13T19:03:06.251251,1,model_1
97,2026-04-13T19:03:06.278741,2,model_1
71,2026-04-13T19:03:06.432176,3,model_1
23,2026-04-13T19:03:06.453635,2,model_1
63,2026-04-13T19:03:06.579685,2,model_1
72,2026-04-13T19:03:06.599998,2,model_1
28,2026-04-13T19:03:06.805582,2,model_1
55,2026-04-13T19:03:06.841683,2,model_1
96,2026-04-13T19:03:06.962778,3,model_1
65,2026-04-13T19:03:06.995596,3,model_1
84,2026-04-13T19:03:07.162901,4,model_1
22,2026-04-13T19:03:07.166781,4,model_1
1,2026-04-13T19:03:07.324252,4,model_1
90,2026-04-13T19:03:07.335029,1,model_1
58,2026-04-13T19:03:07.491089,1,model_1
64,2026-04-13T19:03:07.493433,2,model_1
4,2026-04-13T19:03:07.661901,2,model_1
49,2026-04-13T19:03:07.664212,2,model_1
6,2026-04-13T19:03:07.819634,4,model_1
41,2026-04-13T19:03:07.845215,2,model_1
75,2026-04-13T19:03:08.047077,3,model_1
29,2026-04-13T19:03:08.053330,3,model_1
20,2026-04-13T19:03:08.223805,4,model_1
5,2026-04-13T19:03:08.243740,4,model_1
94,2026-04-13T19:03:08.410976,3,model_1
8,2026-04-13T19:03:08.413884,3,model_1
73,2026-04-13T19:03:08.592774,2,model_1
67,2026-04-13T19:03:08.596108,2,model_1
26,2026-04-13T19:03:08.777621,4,model_1
51,2026-04-13T19:03:08.784089,2,model_1
78,2026-04-13T19:03:08.970628,2,model_1
14,2026-04-13T19:03:08.985233,3,model_1
60,2026-04-13T19:03:09.118508,3,model_1
85,2026-04-13T19:03:09.145308,2,model_1
31,2026-04-13T19:03:09.308785,4,model_1
47,2026-04-13T19:03:09.315073,2,model_1
11,2026-04-13T19:03:09.519527,2,model_1
53,2026-04-13T19:03:09.564299,2,model_1
38,2026-04-13T19:03:09.727362,2,model_1
34,2026-04-13T19:03:09.734999,2,model_1
2,2026-04-13T19:03:09.875447,2,model_1
15,2026-04-13T19:03:09.898645,2,model_1
52,2026-04-13T19:03:10.038899,2,model_1
46,2026-04-13T19:03:10.057045,2,model_1
57,2026-04-13T19:03:10.215968,3,model_1
30,2026-04-13T19:03:10.219891,4,model_1
98,2026-04-13T19:03:10.388095,2,model_1
82,2026-04-13T19:03:10.392541,2,model_1
25,2026-04-13T19:03:10.529502,3,model_1
18,2026-04-13T19:03:10.558915,4,model_1
45,2026-04-13T19:03:10.700599,4,model_1
93,2026-04-13T19:03:10.726352,3,model_1
32,2026-04-13T19:03:10.861122,4,model_1
36,2026-04-13T19:03:10.920022,2,model_1
27,2026-04-13T19:03:11.085363,3,model_1
40,2026-04-13T19:03:11.143518,2,model_1
76,2026-04-13T19:03:11.357222,1,model_1
24,2026-04-13T19:03:11.384684,4,model_1
69,2026-04-13T19:03:11.528838,2,model_1
37,2026-04-13T19:03:11.557929,2,model_1
97,2026-04-13T19:03:11.710047,2,model_1
83,2026-04-13T19:03:11.712515,3,model_1
74,2026-04-13T19:03:11.861382,2,model_1
23,2026-04-13T19:03:11.880958,2,model_1
33,2026-04-13T19:03:12.005049,2,model_1
72,2026-04-13T19:03:12.029464,2,model_1
70,2026-04-13T19:03:12.197604,4,model_1
55,2026-04-13T19:03:12.282451,2,model_1
59,2026-04-13T19:03:12.381042,2,model_1
65,2026-04-13T19:03:12.442088,3,model_1
56,2026-04-13T19:03:12.550620,4,model_1
84,2026-04-13T19:03:12.601460,4,model_1
77,2026-04-13T19:03:12.698402,3,model_1
90,2026-04-13T19:03:12.749651,1,model_1
44,2026-04-13T19:03:12.880069,4,model_1
58,2026-04-13T19:03:12.903446,1,model_1
35,2026-04-13T19:03:13.054474,2,model_1
49,2026-04-13T19:03:13.072460,2,model_1
48,2026-04-13T19:03:13.223529,2,model_1
6,2026-04-13T19:03:13.250998,4,model_1
68,2026-04-13T19:03:13.387724,2,model_1
29,2026-04-13T19:03:13.417481,3,model_1
12,2026-04-13T19:03:13.545804,3,model_1
20,2026-04-13T19:03:13.623564,4,model_1
17,2026-04-13T19:03:13.805201,2,model_1
94,2026-04-13T19:03:13.831894,3,model_1
61,2026-04-13T19:03:13.961033,1,model_1
67,2026-04-13T19:03:13.990180,2,model_1
71,2026-04-13T19:03:14.149245,3,model_1
51,2026-04-13T19:03:14.165282,2,model_1
63,2026-04-13T19:03:14.313761,2,model_1
78,2026-04-13T19:03:14.341221,2,model_1
28,2026-04-13T19:03:14.495929,2,model_1
60,2026-04-13T19:03:14.521459,3,model_1
96,2026-04-13T19:03:14.659961,3,model_1
47,2026-04-13T19:03:14.684882,2,model_1
22,2026-04-13T19:03:14.857619,4,model_1
53,2026-04-13T19:03:14.860743,2,model_1
1,2026-04-13T19:03:15.002591,4,model_1
38,2026-04-13T19:03:15.081713,2,model_1
64,2026-04-13T19:03:15.245769,2,model_1
2,2026-04-13T19:03:15.251839,2,model_1
52,2026-04-13T19:03:15.404347,2,model_1
4,2026-04-13T19:03:15.433096,2,model_1
41,2026-04-13T19:03:15.596906,2,model_1
57,2026-04-13T19:03:15.599934,3,model_1
98,2026-04-13T19:03:15.772390,2,model_1
75,2026-04-13T19:03:15.782844,3,model_1
18,2026-04-13T19:03:15.942753,4,model_1
5,2026-04-13T19:03:15.962804,4,model_1
93,2026-04-13T19:03:16.091284,3,model_1
8,2026-04-13T19:03:16.110677,3,model_1
32,2026-04-13T19:03:16.304600,4,model_1
73,2026-04-13T19:03:16.364949,2,model_1
27,2026-04-13T19:03:16.468760,3,model_1
26,2026-04-13T19:03:16.514314,4,model_1
24,2026-04-13T19:03:16.595182,4,model_1
14,2026-04-13T19:03:16.652384,3,model_1
37,2026-04-13T19:03:16.760979,2,model_1
85,2026-04-13T19:03:16.820212,2,model_1
83,2026-04-13T19:03:16.893646,3,model_1
31,2026-04-13T19:03:16.974694,4,model_1
74,2026-04-13T19:03:17.063793,2,model_1
11,2026-04-13T19:03:17.128688,2,model_1
33,2026-04-13T19:03:17.223851,2,model_1
34,2026-04-13T19:03:17.288393,2,model_1
70,2026-04-13T19:03:17.363187,4,model_1
15,2026-04-13T19:03:17.514650,2,model_1
59,2026-04-13T19:03:17.636134,4,model_1
46,2026-04-13T19:03:17.662166,2,model_1
56,2026-04-13T19:03:17.788439,4,model_1
30,2026-04-13T19:03:17.815934,4,model_1
77,2026-04-13T19:03:17.964866,3,model_1
82,2026-04-13T19:03:17.996318,2,model_1
44,2026-04-13T19:03:18.096269,4,model_1
25,2026-04-13T19:03:18.128160,3,model_1
35,2026-04-13T19:03:18.303158,2,model_1
45,2026-04-13T19:03:18.318627,4,model_1
36,2026-04-13T19:03:18.480669,2,model_1
48,2026-04-13T19:03:18.491227,2,model_1
68,2026-04-13T19:03:18.740755,2,model_1
40,2026-04-13T19:03:18.751018,2,model_1
76,2026-04-13T19:03:18.920500,1,model_1
12,2026-04-13T19:03:18.960508,3,model_1
69,2026-04-13T19:03:19.102226,2,model_1
17,2026-04-13T19:03:19.147223,2,model_1
97,2026-04-13T19:03:19.234818,2,model_1
61,2026-04-13T19:03:19.320649,1,model_1
23,2026-04-13T19:03:19.378153,2,model_1
71,2026-04-13T19:03:19.464734,3,model_1
72,2026-04-13T19:03:19.526583,2,model_1
63,2026-04-13T19:03:19.664236,2,model_1
55,2026-04-13T19:03:19.745831,2,model_1
28,2026-04-13T19:03:19.878018,2,model_1
65,2026-04-13T19:03:19.905255,3,model_1
96,2026-04-13T19:03:20.063223,3,model_1
84,2026-04-13T19:03:20.114034,4,model_1
90,2026-04-13T19:03:20.396792,1,model_1
43,2026-04-13T19:03:20.404862,4,model_1
58,2026-04-13T19:03:20.590412,1,model_1
92,2026-04-13T19:03:20.618612,2,model_1
9,2026-04-13T19:03:20.811368,3,model_1
49,2026-04-13T19:03:20.814137,2,model_1
6,2026-04-13T19:03:20.970229,4,model_1
3,2026-04-13T19:03:21.003922,4,model_1
39,2026-04-13T19:03:21.176764,2,model_1
29,2026-04-13T19:03:21.187322,3,model_1
42,2026-04-13T19:03:21.347803,4,model_1
20,2026-04-13T19:03:21.350792,4,model_1
94,2026-04-13T19:03:21.503445,3,model_1
86,2026-04-13T19:03:21.532866,3,model_1
67,2026-04-13T19:03:21.766887,2,model_1
10,2026-04-13T19:03:21.777843,4,model_1
95,2026-04-13T19:03:21.919035,3,model_1
51,2026-04-13T19:03:21.950977,2,model_1
79,2026-04-13T19:03:22.077226,4,model_1
78,2026-04-13T19:03:22.101783,2,model_1
16,2026-04-13T19:03:22.259050,2,model_1
60,2026-04-13T19:03:22.298838,3,model_1
47,2026-04-13T19:03:22.445658,2,model_1
43,2026-04-13T19:03:22.448722,4,model_1
53,2026-04-13T19:03:22.631322,2,model_1
92,2026-04-13T19:03:22.638834,2,model_1
9,2026-04-13T19:03:22.782958,3,model_1
38,2026-04-13T19:03:22.812224,2,model_1
3,2026-04-13T19:03:23.240620,4,model_1
2,2026-04-13T19:03:23.334524,2,model_1
39,2026-04-13T19:03:23.705885,2,model_1
52,2026-04-13T19:03:23.765103,2,model_1
42,2026-04-13T19:03:24.242708,4,model_1
57,2026-04-13T19:03:24.268617,3,model_1
86,2026-04-13T19:03:24.672523,3,model_1
98,2026-04-13T19:03:24.720981,2,model_1
10,2026-04-13T19:03:25.085418,4,model_1
18,2026-04-13T19:03:25.154340,4,model_1
95,2026-04-13T19:03:25.592426,3,model_1
93,2026-04-13T19:03:25.684182,3,model_1
79,2026-04-13T19:03:26.011720,4,model_1
32,2026-04-13T19:03:26.073942,4,model_1
16,2026-04-13T19:03:26.400967,2,model_1
27,2026-04-13T19:03:26.524892,3,model_1
43,2026-04-13T19:03:26.949039,4,model_1
24,2026-04-13T19:03:27.078234,4,model_1
92,2026-04-13T19:03:27.374670,2,model_1
37,2026-04-13T19:03:27.484924,2,model_1
9,2026-04-13T19:03:27.779682,3,model_1
83,2026-04-13T19:03:27.905374,3,model_1
3,2026-04-13T19:03:28.085769,4,model_1
74,2026-04-13T19:03:28.406008,2,model_1
39,2026-04-13T19:03:28.484953,2,model_1
33,2026-04-13T19:03:28.870804,2,model_1
42,2026-04-13T19:03:28.899066,4,model_1
70,2026-04-13T19:03:29.281412,4,model_1
86,2026-04-13T19:03:29.315724,3,model_1
59,2026-04-13T19:03:29.784663,4,model_1
10,2026-04-13T19:03:29.863485,4,model_1
56,2026-04-13T19:03:30.190548,4,model_1
95,2026-04-13T19:03:30.301172,3,model_1
77,2026-04-13T19:03:30.605667,3,model_1
79,2026-04-13T19:03:30.774970,4,model_1
44,2026-04-13T19:03:31.117084,4,model_1
16,2026-04-13T19:03:31.236607,2,model_1
35,2026-04-13T19:03:31.528684,2,model_1
43,2026-04-13T19:03:31.703449,4,model_1
48,2026-04-13T19:03:31.996042,2,model_1
92,2026-04-13T19:03:32.141403,2,model_1
68,2026-04-13T19:03:32.468867,2,model_1
9,2026-04-13T19:03:32.639411,3,model_1
12,2026-04-13T19:03:32.826121,3,model_1
3,2026-04-13T19:03:33.078432,4,model_1
17,2026-04-13T19:03:33.287687,3,model_1
39,2026-04-13T19:03:33.537180,2,model_1
61,2026-04-13T19:03:33.762807,1,model_1
42,2026-04-13T19:03:33.875933,4,model_1
71,2026-04-13T19:03:34.201856,3,model_1
86,2026-04-13T19:03:34.314004,3,model_1
63,2026-04-13T19:03:34.685330,2,model_1
10,2026-04-13T19:03:34.787735,4,model_1
28,2026-04-13T19:03:35.160508,2,model_1
95,2026-04-13T19:03:35.265372,3,model_1
96,2026-04-13T19:03:35.631203,3,model_1
79,2026-04-13T19:03:35.738818,4,model_1
43,2026-04-13T19:03:36.013670,4,model_1
16,2026-04-13T19:03:36.181132,2,model_1
92,2026-04-13T19:03:36.493733,2,model_1
62,2026-04-13T19:03:36.596628,2,model_1
9,2026-04-13T19:03:36.939365,3,model_1
88,2026-04-13T19:03:37.025434,2,model_1
3,2026-04-13T19:03:37.370545,4,model_1
7,2026-04-13T19:03:37.493551,3,model_1
39,2026-04-13T19:03:37.823745,2,model_1
87,2026-04-13T19:03:37.859038,4,model_1
42,2026-04-13T19:03:38.255677,4,model_1
19,2026-04-13T19:03:38.293961,4,model_1
86,2026-04-13T19:03:38.717620,3,model_1
13,2026-04-13T19:03:38.777726,3,model_1
10,2026-04-13T19:03:39.215111,4,model_1
91,2026-04-13T19:03:39.242233,2,model_1
95,2026-04-13T19:03:39.624269,3,model_1
54,2026-04-13T19:03:39.675343,4,model_1
79,2026-04-13T19:03:40.042208,4,model_1
89,2026-04-13T19:03:40.143807,4,model_1
16,2026-04-13T19:03:40.504839,2,model_1
80,2026-04-13T19:03:40.616409,2,model_1
66,2026-04-13T19:03:41.110592,2,model_1
62,2026-04-13T19:03:41.123523,2,model_1
88,2026-04-13T19:03:41.658292,2,model_1
62,2026-04-13T19:03:41.724534,2,model_1
88,2026-04-13T19:03:42.063971,2,model_1
7,2026-04-13T19:03:42.093230,3,model_1
87,2026-04-13T19:03:42.420071,4,model_1
7,2026-04-13T19:03:42.552934,3,model_1
19,2026-04-13T19:03:42.798716,4,model_1
87,2026-04-13T19:03:42.995591,4,model_1
13,2026-04-13T19:03:43.217447,3,model_1
19,2026-04-13T19:03:43.434859,4,model_1
91,2026-04-13T19:03:43.685778,2,model_1
13,2026-04-13T19:03:43.877749,3,model_1
54,2026-04-13T19:03:44.140862,4,model_1
91,2026-04-13T19:03:44.336536,2,model_1
89,2026-04-13T19:03:44.656839,4,model_1
54,2026-04-13T19:03:44.788497,4,model_1
80,2026-04-13T19:03:45.128107,2,model_1
89,2026-04-13T19:03:45.216308,4,model_1
66,2026-04-13T19:03:45.604948,2,model_1
80,2026-04-13T19:03:45.620838,2,model_1
66,2026-04-13T19:03:46.044232,2,model_1
62,2026-04-13T19:03:46.107770,2,model_1
62,2026-04-13T19:03:46.542194,2,model_1
88,2026-04-13T19:03:46.572922,2,model_1
7,2026-04-13T19:03:47.000778,3,model_1
88,2026-04-13T19:03:47.008072,2,model_1
87,2026-04-13T19:03:47.449669,4,model_1
7,2026-04-13T19:03:47.487655,3,model_1
19,2026-04-13T19:03:47.863213,4,model_1
87,2026-04-13T19:03:48.007220,4,model_1
13,2026-04-13T19:03:48.214026,3,model_1
19,2026-04-13T19:03:48.463505,4,model_1
91,2026-04-13T19:03:48.657332,2,model_1
54,2026-04-13T19:03:48.890078,4,model_1
13,2026-04-13T19:03:48.896112,3,model_1
89,2026-04-13T19:03:49.048670,4,model_1
91,2026-04-13T19:03:49.066928,2,model_1
80,2026-04-13T19:03:49.227601,2,model_1
54,2026-04-13T19:03:49.244414,4,model_1
66,2026-04-13T19:03:49.363466,2,model_1
89,2026-04-13T19:03:49.397423,4,model_1
80,2026-04-13T19:03:49.628902,2,model_1
21,2026-04-13T19:03:49.638989,4,model_1
66,2026-04-13T19:03:49.792333,2,model_1
81,2026-04-13T19:03:49.807407,2,model_1
21,2026-04-13T19:03:49.993653,4,model_1
50,2026-04-13T19:03:50.011364,4,model_1
2,2026-04-13T19:03:50.184001,3,model_1
81,2026-04-13T19:03:50.197924,2,model_1
56,2026-04-13T19:03:50.330874,1,model_1
50,2026-04-13T19:03:50.374824,4,model_1
38,2026-04-13T19:03:50.484206,2,model_1
2,2026-04-13T19:03:50.505117,3,model_1
56,2026-04-13T19:03:50.645422,1,model_1
82,2026-04-13T19:03:50.669922,1,model_1
38,2026-04-13T19:03:50.816734,2,model_1
12,2026-04-13T19:03:50.841795,1,model_1
11,2026-04-13T19:03:51.052869,3,model_1
82,2026-04-13T19:03:51.055757,1,model_1
73,2026-04-13T19:03:51.212093,2,model_1
12,2026-04-13T19:03:51.235922,1,model_1
61,2026-04-13T19:03:51.395990,3,model_1
11,2026-04-13T19:03:51.434886,3,model_1
33,2026-04-13T19:03:51.527734,2,model_1
73,2026-04-13T19:03:51.596738,2,model_1
60,2026-04-13T19:03:51.705173,4,model_1
61,2026-04-13T19:03:51.747548,3,model_1
9,2026-04-13T19:03:51.860763,3,model_1
33,2026-04-13T19:03:51.885570,2,model_1
60,2026-04-13T19:03:52.032356,4,model_1
8,2026-04-13T19:03:52.054647,3,model_1
9,2026-04-13T19:03:52.188082,3,model_1
30,2026-04-13T19:03:52.271089,4,model_1
8,2026-04-13T19:03:52.415084,3,model_1
3,2026-04-13T19:03:52.460225,4,model_1
30,2026-04-13T19:03:52.593914,4,model_1
63,2026-04-13T19:03:52.623029,2,model_1
3,2026-04-13T19:03:52.752717,4,model_1
71,2026-04-13T19:03:52.789041,3,model_1
63,2026-04-13T19:03:52.912931,2,model_1
15,2026-04-13T19:03:52.963221,3,model_1
71,2026-04-13T19:03:53.074274,3,model_1
35,2026-04-13T19:03:53.115018,3,model_1
15,2026-04-13T19:03:53.239088,3,model_1
93,2026-04-13T19:03:53.260738,2,model_1
35,2026-04-13T19:03:53.396691,3,model_1
64,2026-04-13T19:03:53.417717,3,model_1
93,2026-04-13T19:03:53.562743,2,model_1
65,2026-04-13T19:03:53.584913,2,model_1
22,2026-04-13T19:03:53.796232,2,model_1
64,2026-04-13T19:03:53.804928,3,model_1
65,2026-04-13T19:03:53.958467,2,model_1
72,2026-04-13T19:03:53.974516,3,model_1
48,2026-04-13T19:03:54.132272,4,model_1
22,2026-04-13T19:03:54.153470,2,model_1
52,2026-04-13T19:03:54.315307,3,model_1
72,2026-04-13T19:03:54.342287,3,model_1
23,2026-04-13T19:03:54.827194,2,model_1
98,2026-04-13T19:03:55.043727,2,model_1
45,2026-04-13T19:03:56.662155,2,model_1
14,2026-04-13T19:03:57.002538,3,model_1
67,2026-04-13T19:03:57.424797,2,model_1
48,2026-04-13T19:03:57.971871,4,model_1
88,2026-04-13T19:03:58.002042,2,model_1
96,2026-04-13T19:03:58.594162,3,model_1
52,2026-04-13T19:03:58.607476,3,model_1
55,2026-04-13T19:03:59.149172,2,model_1
23,2026-04-13T19:03:59.199370,2,model_1
28,2026-04-13T19:03:59.687726,2,model_1
98,2026-04-13T19:03:59.861912,2,model_1
86,2026-04-13T19:04:00.371025,4,model_1
45,2026-04-13T19:04:00.557790,2,model_1
1,2026-04-13T19:04:00.851447,4,model_1
14,2026-04-13T19:04:01.202989,3,model_1
75,2026-04-13T19:04:01.479141,3,model_1
67,2026-04-13T19:04:01.801282,2,model_1
39,2026-04-13T19:04:01.982389,3,model_1
88,2026-04-13T19:04:02.287433,2,model_1
37,2026-04-13T19:04:02.316246,2,model_1
96,2026-04-13T19:04:02.720600,3,model_1
25,2026-04-13T19:04:02.782997,1,model_1
55,2026-04-13T19:04:03.104504,2,model_1
16,2026-04-13T19:04:03.237794,2,model_1
28,2026-04-13T19:04:03.377182,2,model_1
97,2026-04-13T19:04:03.541461,2,model_1
86,2026-04-13T19:04:03.572740,4,model_1
49,2026-04-13T19:04:03.728834,2,model_1
1,2026-04-13T19:04:03.750089,4,model_1
70,2026-04-13T19:04:03.913807,2,model_1
75,2026-04-13T19:04:03.946173,3,model_1
42,2026-04-13T19:04:04.100962,2,model_1
39,2026-04-13T19:04:04.115203,3,model_1
27,2026-04-13T19:04:04.263773,3,model_1
37,2026-04-13T19:04:04.289733,2,model_1
74,2026-04-13T19:04:04.562834,2,model_1
25,2026-04-13T19:04:04.588173,1,model_1
29,2026-04-13T19:04:04.762985,3,model_1
16,2026-04-13T19:04:04.790823,2,model_1
36,2026-04-13T19:04:04.966008,2,model_1
97,2026-04-13T19:04:05.005575,2,model_1
54,2026-04-13T19:04:05.215704,2,model_1
49,2026-04-13T19:04:05.246040,2,model_1
58,2026-04-13T19:04:05.422464,1,model_1
70,2026-04-13T19:04:05.467789,2,model_1
10,2026-04-13T19:04:05.638387,4,model_1
42,2026-04-13T19:04:05.661976,2,model_1
27,2026-04-13T19:04:05.967064,3,model_1
24,2026-04-13T19:04:05.969889,1,model_1
41,2026-04-13T19:04:06.132263,2,model_1
74,2026-04-13T19:04:06.161783,2,model_1
44,2026-04-13T19:04:06.362550,4,model_1
29,2026-04-13T19:04:06.386267,3,model_1
26,2026-04-13T19:04:06.719039,4,model_1
36,2026-04-13T19:04:06.816129,2,model_1
7,2026-04-13T19:04:07.389815,3,model_1
54,2026-04-13T19:04:07.459660,2,model_1
62,2026-04-13T19:04:07.914423,2,model_1
58,2026-04-13T19:04:07.967792,1,model_1
10,2026-04-13T19:04:08.393035,4,model_1
91,2026-04-13T19:04:08.507763,2,model_1
24,2026-04-13T19:04:08.994974,1,model_1
89,2026-04-13T19:04:09.087984,2,model_1
41,2026-04-13T19:04:09.432310,2,model_1
83,2026-04-13T19:04:09.683455,1,model_1
44,2026-04-13T19:04:09.877234,4,model_1
78,2026-04-13T19:04:10.304839,2,model_1
26,2026-04-13T19:04:10.420884,4,model_1
5,2026-04-13T19:04:10.767511,4,model_1
7,2026-04-13T19:04:10.987311,3,model_1
90,2026-04-13T19:04:11.395032,2,model_1
62,2026-04-13T19:04:11.775967,2,model_1
69,2026-04-13T19:04:11.909845,2,model_1
91,2026-04-13T19:04:12.097297,2,model_1
6,2026-04-13T19:04:12.147997,2,model_1
89,2026-04-13T19:04:12.297674,2,model_1
32,2026-04-13T19:04:12.343202,4,model_1
83,2026-04-13T19:04:12.501245,1,model_1
19,2026-04-13T19:04:12.556327,4,model_1
78,2026-04-13T19:04:12.737140,2,model_1
57,2026-04-13T19:04:12.768454,3,model_1
5,2026-04-13T19:04:12.958155,4,model_1
95,2026-04-13T19:04:12.985677,2,model_1
90,2026-04-13T19:04:13.349892,2,model_1
21,2026-04-13T19:04:13.436652,4,model_1
69,2026-04-13T19:04:13.541608,2,model_1
81,2026-04-13T19:04:13.625962,2,model_1
6,2026-04-13T19:04:13.783870,2,model_1
50,2026-04-13T19:04:13.821219,4,model_1
32,2026-04-13T19:04:13.981675,4,model_1
2,2026-04-13T19:04:14.007612,3,model_1
19,2026-04-13T19:04:14.158976,4,model_1
56,2026-04-13T19:04:14.187457,1,model_1
57,2026-04-13T19:04:14.402480,3,model_1
38,2026-04-13T19:04:14.415748,2,model_1
82,2026-04-13T19:04:14.683546,1,model_1
95,2026-04-13T19:04:14.714134,2,model_1
12,2026-04-13T19:04:14.915705,1,model_1
21,2026-04-13T19:04:14.957730,4,model_1
11,2026-04-13T19:04:15.103976,3,model_1
81,2026-04-13T19:04:15.133495,2,model_1
73,2026-04-13T19:04:15.286462,2,model_1
50,2026-04-13T19:04:15.320774,4,model_1
61,2026-04-13T19:04:15.486023,3,model_1
2,2026-04-13T19:04:15.509163,3,model_1
33,2026-04-13T19:04:15.688638,2,model_1
56,2026-04-13T19:04:15.717856,1,model_1
60,2026-04-13T19:04:15.901996,4,model_1
38,2026-04-13T19:04:15.920195,2,model_1
9,2026-04-13T19:04:16.064592,3,model_1
82,2026-04-13T19:04:16.094262,1,model_1
8,2026-04-13T19:04:16.449916,3,model_1
12,2026-04-13T19:04:16.576166,1,model_1
30,2026-04-13T19:04:16.709188,4,model_1
11,2026-04-13T19:04:16.893204,3,model_1
3,2026-04-13T19:04:16.956324,4,model_1
73,2026-04-13T19:04:17.080833,2,model_1
63,2026-04-13T19:04:17.208002,2,model_1
61,2026-04-13T19:04:17.316374,3,model_1
71,2026-04-13T19:04:17.472173,3,model_1
33,2026-04-13T19:04:17.642465,2,model_1
15,2026-04-13T19:04:17.672548,3,model_1
60,2026-04-13T19:04:17.931450,4,model_1
35,2026-04-13T19:04:17.939278,3,model_1
9,2026-04-13T19:04:18.177926,3,model_1
93,2026-04-13T19:04:18.208823,2,model_1
8,2026-04-13T19:04:18.405045,3,model_1
64,2026-04-13T19:04:18.432458,3,model_1
30,2026-04-13T19:04:18.657638,4,model_1
65,2026-04-13T19:04:18.673500,2,model_1
3,2026-04-13T19:04:18.897247,4,model_1
22,2026-04-13T19:04:18.900278,2,model_1
72,2026-04-13T19:04:19.072412,3,model_1
63,2026-04-13T19:04:19.103691,2,model_1
48,2026-04-13T19:04:19.293333,4,model_1
71,2026-04-13T19:04:19.397293,3,model_1
52,2026-04-13T19:04:19.584674,3,model_1
15,2026-04-13T19:04:19.619955,3,model_1
23,2026-04-13T19:04:19.826589,2,model_1
35,2026-04-13T19:04:19.859469,3,model_1
98,2026-04-13T19:04:20.036086,2,model_1
93,2026-04-13T19:04:20.123940,2,model_1
45,2026-04-13T19:04:20.280004,2,model_1
64,2026-04-13T19:04:20.318434,3,model_1
14,2026-04-13T19:04:20.496226,3,model_1
65,2026-04-13T19:04:20.526548,2,model_1
67,2026-04-13T19:04:20.724046,2,model_1
22,2026-04-13T19:04:20.732376,2,model_1
88,2026-04-13T19:04:20.923974,2,model_1
72,2026-04-13T19:04:20.939533,3,model_1
96,2026-04-13T19:04:21.083892,3,model_1
48,2026-04-13T19:04:21.121161,4,model_1
55,2026-04-13T19:04:21.395314,2,model_1
52,2026-04-13T19:04:21.400363,3,model_1
28,2026-04-13T19:04:21.627587,2,model_1
23,2026-04-13T19:04:21.632403,2,model_1
98,2026-04-13T19:04:21.891237,2,model_1
86,2026-04-13T19:04:21.937497,4,model_1
45,2026-04-13T19:04:22.088872,2,model_1
1,2026-04-13T19:04:22.117384,4,model_1
14,2026-04-13T19:04:22.283971,3,model_1
75,2026-04-13T19:04:22.312053,3,model_1
67,2026-04-13T19:04:22.501344,2,model_1
39,2026-04-13T19:04:22.528818,3,model_1
88,2026-04-13T19:04:22.711836,2,model_1
37,2026-04-13T19:04:22.729108,2,model_1
96,2026-04-13T19:04:23.073773,3,model_1
25,2026-04-13T19:04:23.106057,1,model_1
55,2026-04-13T19:04:23.322532,2,model_1
16,2026-04-13T19:04:23.367841,2,model_1
28,2026-04-13T19:04:23.527912,2,model_1
97,2026-04-13T19:04:23.558589,2,model_1
86,2026-04-13T19:04:23.699561,4,model_1
49,2026-04-13T19:04:23.726357,2,model_1
1,2026-04-13T19:04:23.924740,4,model_1
70,2026-04-13T19:04:23.946282,2,model_1
75,2026-04-13T19:04:24.171760,3,model_1
42,2026-04-13T19:04:24.190285,2,model_1
39,2026-04-13T19:04:24.371777,3,model_1
27,2026-04-13T19:04:24.405868,3,model_1
37,2026-04-13T19:04:24.722735,2,model_1
74,2026-04-13T19:04:24.738423,2,model_1
25,2026-04-13T19:04:24.916355,1,model_1
29,2026-04-13T19:04:24.951058,3,model_1
16,2026-04-13T19:04:25.119801,2,model_1
36,2026-04-13T19:04:25.142416,2,model_1
97,2026-04-13T19:04:25.306574,2,model_1
54,2026-04-13T19:04:25.331522,2,model_1
49,2026-04-13T19:04:25.485910,2,model_1
58,2026-04-13T19:04:25.508590,1,model_1
70,2026-04-13T19:04:25.695546,2,model_1
10,2026-04-13T19:04:25.749543,4,model_1
42,2026-04-13T19:04:26.066167,2,model_1
24,2026-04-13T19:04:26.103328,1,model_1
27,2026-04-13T19:04:26.267445,3,model_1
41,2026-04-13T19:04:26.287654,2,model_1
74,2026-04-13T19:04:26.417384,2,model_1
44,2026-04-13T19:04:26.447379,4,model_1
29,2026-04-13T19:04:26.576768,3,model_1
26,2026-04-13T19:04:26.604948,4,model_1
36,2026-04-13T19:04:26.752114,2,model_1
7,2026-04-13T19:04:26.788781,3,model_1
54,2026-04-13T19:04:26.926630,2,model_1
62,2026-04-13T19:04:26.958149,2,model_1
58,2026-04-13T19:04:27.091172,1,model_1
91,2026-04-13T19:04:27.112287,2,model_1
10,2026-04-13T19:04:27.258752,4,model_1
89,2026-04-13T19:04:27.287229,2,model_1
24,2026-04-13T19:04:27.427959,1,model_1
83,2026-04-13T19:04:27.449105,1,model_1
41,2026-04-13T19:04:27.673818,2,model_1
78,2026-04-13T19:04:27.699011,2,model_1
44,2026-04-13T19:04:27.810744,4,model_1
5,2026-04-13T19:04:27.869752,4,model_1
26,2026-04-13T19:04:27.973602,4,model_1
90,2026-04-13T19:04:28.020782,2,model_1
7,2026-04-13T19:04:28.113899,3,model_1
69,2026-04-13T19:04:28.160794,2,model_1
62,2026-04-13T19:04:28.245306,2,model_1
6,2026-04-13T19:04:28.293227,2,model_1
91,2026-04-13T19:04:28.424062,2,model_1
32,2026-04-13T19:04:28.481300,4,model_1
89,2026-04-13T19:04:28.570942,2,model_1
19,2026-04-13T19:04:28.636304,4,model_1
83,2026-04-13T19:04:28.715349,1,model_1
57,2026-04-13T19:04:28.863231,3,model_1
78,2026-04-13T19:04:28.977875,2,model_1
95,2026-04-13T19:04:29.001508,2,model_1
5,2026-04-13T19:04:29.156869,4,model_1
21,2026-04-13T19:04:29.211987,4,model_1
90,2026-04-13T19:04:29.298785,2,model_1
81,2026-04-13T19:04:29.362886,2,model_1
69,2026-04-13T19:04:29.436235,2,model_1
50,2026-04-13T19:04:29.489351,4,model_1
6,2026-04-13T19:04:29.610532,2,model_1
2,2026-04-13T19:04:29.634933,3,model_1
56,2026-04-13T19:04:29.786648,1,model_1
32,2026-04-13T19:04:29.789063,4,model_1
19,2026-04-13T19:04:30.032473,4,model_1
38,2026-04-13T19:04:30.035580,2,model_1
82,2026-04-13T19:04:30.211991,1,model_1
57,2026-04-13T19:04:30.217067,3,model_1
12,2026-04-13T19:04:30.364875,1,model_1
95,2026-04-13T19:04:30.390435,2,model_1
11,2026-04-13T19:04:30.542114,3,model_1
40,2026-04-13T19:04:30.626331,2,model_1
73,2026-04-13T19:04:30.677014,2,model_1
51,2026-04-13T19:04:30.782560,3,model_1
61,2026-04-13T19:04:30.827288,3,model_1
13,2026-04-13T19:04:30.949175,3,model_1
33,2026-04-13T19:04:30.971428,2,model_1
92,2026-04-13T19:04:31.104365,2,model_1
60,2026-04-13T19:04:31.130319,4,model_1
9,2026-04-13T19:04:31.380002,3,model_1
76,2026-04-13T19:04:31.402689,1,model_1
8,2026-04-13T19:04:31.535238,3,model_1
43,2026-04-13T19:04:31.558128,4,model_1
30,2026-04-13T19:04:31.706691,4,model_1
46,2026-04-13T19:04:31.710581,2,model_1
3,2026-04-13T19:04:31.863685,4,model_1
87,2026-04-13T19:04:31.883752,4,model_1
63,2026-04-13T19:04:32.028817,2,model_1
4,2026-04-13T19:04:32.060804,2,model_1
71,2026-04-13T19:04:32.196197,3,model_1
79,2026-04-13T19:04:32.226827,4,model_1
85,2026-04-13T19:04:32.374602,2,model_1
15,2026-04-13T19:04:32.385198,3,model_1
53,2026-04-13T19:04:32.555871,3,model_1
35,2026-04-13T19:04:32.560390,3,model_1
93,2026-04-13T19:04:32.803938,2,model_1
18,2026-04-13T19:04:32.839675,4,model_1
64,2026-04-13T19:04:32.973811,3,model_1
81,2026-04-13T19:04:33.000090,2,model_1
65,2026-04-13T19:04:33.132805,2,model_1
40,2026-04-13T19:04:33.209363,2,model_1
22,2026-04-13T19:04:33.277843,2,model_1
51,2026-04-13T19:04:33.339824,3,model_1
72,2026-04-13T19:04:33.478711,3,model_1
13,2026-04-13T19:04:33.495804,3,model_1
48,2026-04-13T19:04:33.608291,4,model_1
92,2026-04-13T19:04:33.684925,2,model_1
52,2026-04-13T19:04:33.752374,3,model_1
76,2026-04-13T19:04:33.847755,1,model_1
23,2026-04-13T19:04:33.909865,2,model_1
43,2026-04-13T19:04:34.090715,4,model_1
98,2026-04-13T19:04:34.122057,2,model_1
46,2026-04-13T19:04:34.276340,2,model_1
45,2026-04-13T19:04:34.297849,2,model_1
87,2026-04-13T19:04:34.433016,4,model_1
14,2026-04-13T19:04:34.473757,3,model_1
4,2026-04-13T19:04:34.616313,2,model_1
67,2026-04-13T19:04:34.640426,2,model_1
79,2026-04-13T19:04:34.777240,4,model_1
88,2026-04-13T19:04:34.799981,2,model_1
85,2026-04-13T19:04:34.959194,2,model_1
96,2026-04-13T19:04:34.973366,3,model_1
55,2026-04-13T19:04:35.111033,2,model_1
53,2026-04-13T19:04:35.131261,3,model_1
28,2026-04-13T19:04:35.277947,2,model_1
18,2026-04-13T19:04:35.305845,4,model_1
86,2026-04-13T19:04:35.496592,4,model_1
81,2026-04-13T19:04:35.524110,2,model_1
1,2026-04-13T19:04:35.659240,4,model_1
40,2026-04-13T19:04:35.720580,2,model_1
75,2026-04-13T19:04:35.798933,3,model_1
51,2026-04-13T19:04:35.873528,3,model_1
39,2026-04-13T19:04:35.957496,3,model_1
13,2026-04-13T19:04:36.038320,3,model_1
37,2026-04-13T19:04:36.102205,2,model_1
92,2026-04-13T19:04:36.214782,2,model_1
25,2026-04-13T19:04:36.236975,1,model_1
16,2026-04-13T19:04:36.381246,2,model_1
76,2026-04-13T19:04:36.403767,1,model_1
43,2026-04-13T19:04:36.564471,4,model_1
97,2026-04-13T19:04:36.587839,2,model_1
49,2026-04-13T19:04:36.853378,2,model_1
87,2026-04-13T19:04:36.855949,4,model_1
4,2026-04-13T19:04:36.997723,2,model_1
70,2026-04-13T19:04:37.027907,2,model_1
79,2026-04-13T19:04:37.176882,4,model_1
42,2026-04-13T19:04:37.180716,2,model_1
27,2026-04-13T19:04:37.335524,3,model_1
85,2026-04-13T19:04:37.360437,2,model_1
74,2026-04-13T19:04:37.503473,2,model_1
53,2026-04-13T19:04:37.529990,3,model_1
29,2026-04-13T19:04:37.675211,3,model_1
18,2026-04-13T19:04:37.698762,4,model_1
36,2026-04-13T19:04:37.838612,2,model_1
81,2026-04-13T19:04:37.866687,2,model_1
54,2026-04-13T19:04:37.998808,2,model_1
40,2026-04-13T19:04:38.056318,2,model_1
58,2026-04-13T19:04:38.140890,1,model_1
51,2026-04-13T19:04:38.283343,3,model_1
10,2026-04-13T19:04:38.383006,4,model_1
13,2026-04-13T19:04:38.434223,3,model_1
24,2026-04-13T19:04:38.519967,1,model_1
92,2026-04-13T19:04:38.619005,2,model_1
41,2026-04-13T19:04:38.679062,2,model_1
76,2026-04-13T19:04:38.792758,1,model_1
44,2026-04-13T19:04:38.842334,4,model_1
43,2026-04-13T19:04:38.960870,4,model_1
26,2026-04-13T19:04:38.982690,4,model_1
46,2026-04-13T19:04:39.140246,2,model_1
7,2026-04-13T19:04:39.159848,3,model_1
87,2026-04-13T19:04:39.283561,4,model_1
62,2026-04-13T19:04:39.308157,2,model_1
4,2026-04-13T19:04:39.505914,2,model_1
91,2026-04-13T19:04:39.530730,2,model_1
79,2026-04-13T19:04:39.698419,4,model_1
89,2026-04-13T19:04:39.701357,2,model_1
85,2026-04-13T19:04:39.857866,2,model_1
83,2026-04-13T19:04:39.881386,1,model_1
53,2026-04-13T19:04:40.014311,3,model_1
78,2026-04-13T19:04:40.041393,2,model_1
18,2026-04-13T19:04:40.189364,4,model_1
5,2026-04-13T19:04:40.219584,4,model_1
81,2026-04-13T19:04:40.357274,2,model_1
90,2026-04-13T19:04:40.384092,2,model_1
69,2026-04-13T19:04:40.562428,2,model_1
40,2026-04-13T19:04:40.565066,2,model_1
6,2026-04-13T19:04:40.784463,2,model_1
51,2026-04-13T19:04:40.786926,3,model_1
32,2026-04-13T19:04:40.962454,4,model_1
13,2026-04-13T19:04:40.990055,3,model_1
19,2026-04-13T19:04:41.131785,4,model_1
92,2026-04-13T19:04:41.153548,2,model_1
57,2026-04-13T19:04:41.279135,3,model_1
76,2026-04-13T19:04:41.319441,1,model_1
95,2026-04-13T19:04:41.463463,2,model_1
43,2026-04-13T19:04:41.491102,4,model_1
31,2026-04-13T19:04:41.684693,4,model_1
46,2026-04-13T19:04:41.696191,2,model_1
20,2026-04-13T19:04:41.855020,4,model_1
87,2026-04-13T19:04:41.870486,4,model_1
77,2026-04-13T19:04:41.976915,2,model_1
4,2026-04-13T19:04:42.034264,2,model_1
47,2026-04-13T19:04:42.206052,4,model_1
79,2026-04-13T19:04:42.279468,4,model_1
17,2026-04-13T19:04:42.417092,4,model_1
85,2026-04-13T19:04:42.450870,2,model_1
59,2026-04-13T19:04:42.577860,2,model_1
53,2026-04-13T19:04:42.625012,3,model_1
68,2026-04-13T19:04:42.752850,4,model_1
18,2026-04-13T19:04:42.773785,4,model_1
66,2026-04-13T19:04:42.928488,2,model_1
81,2026-04-13T19:04:42.950836,2,model_1
84,2026-04-13T19:04:43.090076,4,model_1
31,2026-04-13T19:04:43.152222,4,model_1
34,2026-04-13T19:04:43.232607,2,model_1
20,2026-04-13T19:04:43.299513,4,model_1
80,2026-04-13T19:04:43.377923,2,model_1
77,2026-04-13T19:04:43.524238,2,model_1
31,2026-04-13T19:04:43.616979,4,model_1
47,2026-04-13T19:04:43.665275,4,model_1
20,2026-04-13T19:04:43.792971,4,model_1
17,2026-04-13T19:04:43.858113,4,model_1
77,2026-04-13T19:04:43.953492,2,model_1
59,2026-04-13T19:04:44.010339,2,model_1
47,2026-04-13T19:04:44.115759,4,model_1
68,2026-04-13T19:04:44.186112,4,model_1
17,2026-04-13T19:04:44.280427,4,model_1
66,2026-04-13T19:04:44.353426,2,model_1
59,2026-04-13T19:04:44.436920,2,model_1
84,2026-04-13T19:04:44.502564,4,model_1
68,2026-04-13T19:04:44.679756,4,model_1
34,2026-04-13T19:04:44.730590,2,model_1
66,2026-04-13T19:04:44.828621,2,model_1
80,2026-04-13T19:04:44.873158,2,model_1
84,2026-04-13T19:04:45.002890,4,model_1
31,2026-04-13T19:04:45.060371,4,model_1
34,2026-04-13T19:04:45.133899,2,model_1
20,2026-04-13T19:04:45.228206,4,model_1
80,2026-04-13T19:04:45.311363,2,model_1
77,2026-04-13T19:04:45.412213,2,model_1
31,2026-04-13T19:04:45.509392,4,model_1
47,2026-04-13T19:04:45.559977,4,model_1
20,2026-04-13T19:04:45.679939,4,model_1
17,2026-04-13T19:04:45.705970,4,model_1
77,2026-04-13T19:04:45.964325,2,model_1
59,2026-04-13T19:04:45.987202,2,model_1
68,2026-04-13T19:04:46.135064,4,model_1
47,2026-04-13T19:04:46.140942,4,model_1
66,2026-04-13T19:04:46.294388,2,model_1
17,2026-04-13T19:04:46.315656,4,model_1
84,2026-04-13T19:04:46.468863,4,model_1
59,2026-04-13T19:04:46.481565,2,model_1
68,2026-04-13T19:04:46.659716,4,model_1
34,2026-04-13T19:04:46.662751,2,model_1
66,2026-04-13T19:04:46.830747,2,model_1
80,2026-04-13T19:04:46.856980,2,model_1
84,2026-04-13T19:04:46.996958,4,model_1
34,2026-04-13T19:04:47.131717,2,model_1
80,2026-04-13T19:04:47.251915,2,model_1
94,2026-04-13T19:05:08.216882,3,model_1
94,2026-04-13T19:05:08.243489,3,model_1
83,2026-04-13T19:05:08.451407,3,model_1
83,2026-04-13T19:05:08.512321,3,model_1
28,2026-04-13T19:05:08.697685,4,model_1
28,2026-04-13T19:05:08.813485,4,model_1
57,2026-04-13T19:05:08.951729,2,model_1
57,2026-04-13T19:05:08.976733,2,model_1
39,2026-04-13T19:05:09.118751,2,model_1
39,2026-04-13T19:05:09.143240,2,model_1
48,2026-04-13T19:05:09.310316,4,model_1
48,2026-04-13T19:05:09.330103,4,model_1
60,2026-04-13T19:05:09.475976,4,model_1
60,2026-04-13T19:05:09.503985,4,model_1
73,2026-04-13T19:05:09.630918,2,model_1
73,2026-04-13T19:05:09.655590,2,model_1
24,2026-04-13T19:05:09.813523,4,model_1
24,2026-04-13T19:05:09.835294,4,model_1
69,2026-04-13T19:05:09.986277,2,model_1
69,2026-04-13T19:05:10.009748,2,model_1
25,2026-04-13T19:05:10.213624,3,model_1
25,2026-04-13T19:05:10.260833,3,model_1
44,2026-04-13T19:05:10.393946,4,model_1
44,2026-04-13T19:05:10.418580,4,model_1
21,2026-04-13T19:05:10.576044,3,model_1
21,2026-04-13T19:05:10.596139,3,model_1
93,2026-04-13T19:05:10.744584,3,model_1
93,2026-04-13T19:05:10.778935,3,model_1
6,2026-04-13T19:05:10.925238,4,model_1
6,2026-04-13T19:05:10.956385,4,model_1
45,2026-04-13T19:05:11.110498,4,model_1
45,2026-04-13T19:05:11.136391,4,model_1
74,2026-04-13T19:05:11.305571,2,model_1
74,2026-04-13T19:05:11.310088,2,model_1
90,2026-04-13T19:05:11.456647,1,model_1
90,2026-04-13T19:05:11.481422,1,model_1
88,2026-04-13T19:05:11.740275,2,model_1
88,2026-04-13T19:05:11.760496,2,model_1
56,2026-04-13T19:05:11.921823,3,model_1
56,2026-04-13T19:05:11.942343,3,model_1
11,2026-04-13T19:05:12.104198,3,model_1
11,2026-04-13T19:05:12.117936,3,model_1
9,2026-04-13T19:05:12.262643,2,model_1
9,2026-04-13T19:05:12.289756,2,model_1
51,2026-04-13T19:05:12.438157,1,model_1
51,2026-04-13T19:05:12.464374,1,model_1
71,2026-04-13T19:05:12.592911,3,model_1
71,2026-04-13T19:05:12.627476,3,model_1
8,2026-04-13T19:05:12.780625,3,model_1
8,2026-04-13T19:05:12.797332,3,model_1
38,2026-04-13T19:05:12.964246,2,model_1
38,2026-04-13T19:05:12.979345,2,model_1
70,2026-04-13T19:05:13.129296,4,model_1
70,2026-04-13T19:05:13.154307,4,model_1
40,2026-04-13T19:05:13.378950,2,model_1
40,2026-04-13T19:05:13.398350,2,model_1
78,2026-04-13T19:05:13.557356,2,model_1
78,2026-04-13T19:05:13.585798,2,model_1
97,2026-04-13T19:05:13.716136,2,model_1
97,2026-04-13T19:05:13.739498,2,model_1
72,2026-04-13T19:05:13.891725,2,model_1
72,2026-04-13T19:05:13.914755,2,model_1
2,2026-04-13T19:05:14.078398,2,model_1
2,2026-04-13T19:05:14.081376,2,model_1
92,2026-04-13T19:05:14.229608,2,model_1
92,2026-04-13T19:05:14.253789,2,model_1
61,2026-04-13T19:05:14.425851,1,model_1
61,2026-04-13T19:05:14.423759,1,model_1
37,2026-04-13T19:05:14.579721,2,model_1
37,2026-04-13T19:05:14.604007,2,model_1
75,2026-04-13T19:05:14.803508,2,model_1
75,2026-04-13T19:05:14.929861,2,model_1
3,2026-04-13T19:05:15.121691,4,model_1
3,2026-04-13T19:05:15.148306,4,model_1
63,2026-04-13T19:05:15.591664,3,model_1
63,2026-04-13T19:05:15.613834,3,model_1
86,2026-04-13T19:05:15.941444,4,model_1
86,2026-04-13T19:05:16.165492,4,model_1
34,2026-04-13T19:05:16.464733,2,model_1
34,2026-04-13T19:05:16.645213,2,model_1
43,2026-04-13T19:05:17.033938,2,model_1
43,2026-04-13T19:05:17.127246,2,model_1
16,2026-04-13T19:05:17.503743,2,model_1
16,2026-04-13T19:05:17.589776,2,model_1
62,2026-04-13T19:05:17.961275,2,model_1
62,2026-04-13T19:05:18.085100,2,model_1
18,2026-04-13T19:05:18.378416,4,model_1
18,2026-04-13T19:05:18.410973,4,model_1
35,2026-04-13T19:05:18.682945,2,model_1
35,2026-04-13T19:05:18.879132,2,model_1
17,2026-04-13T19:05:19.084661,2,model_1
17,2026-04-13T19:05:19.158282,2,model_1
14,2026-04-13T19:05:19.261334,3,model_1
14,2026-04-13T19:05:19.314311,3,model_1
32,2026-04-13T19:05:19.427094,4,model_1
32,2026-04-13T19:05:19.453644,4,model_1
47,2026-04-13T19:05:19.627879,2,model_1
47,2026-04-13T19:05:19.630430,2,model_1
68,2026-04-13T19:05:19.809716,4,model_1
68,2026-04-13T19:05:19.820624,4,model_1
30,2026-04-13T19:05:19.966337,4,model_1
30,2026-04-13T19:05:19.993083,4,model_1
10,2026-04-13T19:05:20.133048,3,model_1
10,2026-04-13T19:05:20.180104,3,model_1
33,2026-04-13T19:05:20.383701,2,model_1
33,2026-04-13T19:05:20.389678,2,model_1
65,2026-04-13T19:05:20.528649,2,model_1
65,2026-04-13T19:05:20.575703,2,model_1
85,2026-04-13T19:05:20.693811,2,model_1
85,2026-04-13T19:05:20.715398,2,model_1
81,2026-04-13T19:05:20.845255,3,model_1
81,2026-04-13T19:05:20.875188,3,model_1
13,2026-04-13T19:05:21.046391,3,model_1
13,2026-04-13T19:05:21.068234,3,model_1
26,2026-04-13T19:05:21.207058,3,model_1
26,2026-04-13T19:05:21.233602,3,model_1
80,2026-04-13T19:05:21.395627,2,model_1
80,2026-04-13T19:05:21.413339,2,model_1
50,2026-04-13T19:05:21.585578,4,model_1
50,2026-04-13T19:05:21.600766,4,model_1
5,2026-04-13T19:05:21.735451,1,model_1
5,2026-04-13T19:05:21.827382,1,model_1
49,2026-04-13T19:05:21.978825,2,model_1
49,2026-04-13T19:05:22.000610,2,model_1
27,2026-04-13T19:05:22.163275,3,model_1
27,2026-04-13T19:05:22.165950,3,model_1
12,2026-04-13T19:05:22.314446,2,model_1
12,2026-04-13T19:05:22.336772,2,model_1
76,2026-04-13T19:05:22.571851,2,model_1
76,2026-04-13T19:05:22.626860,2,model_1
94,2026-04-13T19:05:22.883197,3,model_1
94,2026-04-13T19:05:22.944976,3,model_1
83,2026-04-13T19:05:23.372378,3,model_1
83,2026-04-13T19:05:23.478261,3,model_1
28,2026-04-13T19:05:24.011593,4,model_1
57,2026-04-13T19:05:24.321404,2,model_1
39,2026-04-13T19:05:24.618067,2,model_1
48,2026-04-13T19:05:24.797377,4,model_1
60,2026-04-13T19:05:25.086913,4,model_1
73,2026-04-13T19:05:25.566065,2,model_1
24,2026-04-13T19:05:25.921802,4,model_1
69,2026-04-13T19:05:26.425107,2,model_1
25,2026-04-13T19:05:26.988692,3,model_1
28,2026-04-13T19:05:27.036806,4,model_1
44,2026-04-13T19:05:27.583066,4,model_1
57,2026-04-13T19:05:27.600010,2,model_1
39,2026-04-13T19:05:28.246500,2,model_1
21,2026-04-13T19:05:28.280347,3,model_1
48,2026-04-13T19:05:28.787408,4,model_1
93,2026-04-13T19:05:28.889142,3,model_1
60,2026-04-13T19:05:29.119054,4,model_1
6,2026-04-13T19:05:29.259498,4,model_1
73,2026-04-13T19:05:29.422558,2,model_1
45,2026-04-13T19:05:29.525607,4,model_1
24,2026-04-13T19:05:29.703517,4,model_1
74,2026-04-13T19:05:29.839461,2,model_1
69,2026-04-13T19:05:29.902253,2,model_1
90,2026-04-13T19:05:30.115384,1,model_1
25,2026-04-13T19:05:30.156751,3,model_1
88,2026-04-13T19:05:30.334787,2,model_1
44,2026-04-13T19:05:30.361907,4,model_1
56,2026-04-13T19:05:30.587109,3,model_1
21,2026-04-13T19:05:30.614941,3,model_1
11,2026-04-13T19:05:30.809323,3,model_1
93,2026-04-13T19:05:30.834885,3,model_1
9,2026-04-13T19:05:31.025709,2,model_1
6,2026-04-13T19:05:31.042295,4,model_1
51,2026-04-13T19:05:31.224792,1,model_1
45,2026-04-13T19:05:31.247535,4,model_1
71,2026-04-13T19:05:31.566116,3,model_1
74,2026-04-13T19:05:31.578530,2,model_1
8,2026-04-13T19:05:31.777506,3,model_1
90,2026-04-13T19:05:31.809571,1,model_1
38,2026-04-13T19:05:31.978781,2,model_1
88,2026-04-13T19:05:32.017612,2,model_1
70,2026-04-13T19:05:32.182697,4,model_1
56,2026-04-13T19:05:32.206491,3,model_1
40,2026-04-13T19:05:32.369430,2,model_1
11,2026-04-13T19:05:32.395175,3,model_1
78,2026-04-13T19:05:32.598666,2,model_1
9,2026-04-13T19:05:32.623267,2,model_1
97,2026-04-13T19:05:32.779940,2,model_1
51,2026-04-13T19:05:32.835441,1,model_1
72,2026-04-13T19:05:33.001035,2,model_1
71,2026-04-13T19:05:33.031921,3,model_1
2,2026-04-13T19:05:33.320095,2,model_1
8,2026-04-13T19:05:33.368180,3,model_1
92,2026-04-13T19:05:33.556867,2,model_1
38,2026-04-13T19:05:33.582160,2,model_1
61,2026-04-13T19:05:33.743481,1,model_1
70,2026-04-13T19:05:33.769089,4,model_1
37,2026-04-13T19:05:33.994498,2,model_1
40,2026-04-13T19:05:34.055293,2,model_1
75,2026-04-13T19:05:34.441513,2,model_1
78,2026-04-13T19:05:34.584981,2,model_1
97,2026-04-13T19:05:35.188840,2,model_1
3,2026-04-13T19:05:35.223834,4,model_1
72,2026-04-13T19:05:35.834626,2,model_1
63,2026-04-13T19:05:35.884512,3,model_1
86,2026-04-13T19:05:36.452733,4,model_1
2,2026-04-13T19:05:36.627116,2,model_1
34,2026-04-13T19:05:37.103979,2,model_1
92,2026-04-13T19:05:37.219331,2,model_1
43,2026-04-13T19:05:37.682934,2,model_1
61,2026-04-13T19:05:37.824177,1,model_1
16,2026-04-13T19:05:38.336291,2,model_1
37,2026-04-13T19:05:38.453895,2,model_1
75,2026-04-13T19:05:38.901510,2,model_1
62,2026-04-13T19:05:38.937972,2,model_1
3,2026-04-13T19:05:39.320309,4,model_1
18,2026-04-13T19:05:39.355253,4,model_1
63,2026-04-13T19:05:39.525509,3,model_1
35,2026-04-13T19:05:39.556214,2,model_1
86,2026-04-13T19:05:39.820870,4,model_1
17,2026-04-13T19:05:39.842994,2,model_1
34,2026-04-13T19:05:40.047289,2,model_1
59,2026-04-13T19:05:40.071945,2,model_1
43,2026-04-13T19:05:40.306805,2,model_1
14,2026-04-13T19:05:40.363058,3,model_1
16,2026-04-13T19:05:40.505619,2,model_1
32,2026-04-13T19:05:40.567106,4,model_1
62,2026-04-13T19:05:40.772084,2,model_1
47,2026-04-13T19:05:40.793990,2,model_1
68,2026-04-13T19:05:41.003110,4,model_1
18,2026-04-13T19:05:41.056554,4,model_1
30,2026-04-13T19:05:41.245578,4,model_1
35,2026-04-13T19:05:41.275773,2,model_1
10,2026-04-13T19:05:41.447489,3,model_1
17,2026-04-13T19:05:41.541096,2,model_1
33,2026-04-13T19:05:41.743123,2,model_1
59,2026-04-13T19:05:41.800323,2,model_1
65,2026-04-13T19:05:41.938360,2,model_1
14,2026-04-13T19:05:41.996353,3,model_1
85,2026-04-13T19:05:42.185756,2,model_1
32,2026-04-13T19:05:42.193548,4,model_1
81,2026-04-13T19:05:42.355758,3,model_1
47,2026-04-13T19:05:42.377120,2,model_1
13,2026-04-13T19:05:42.561356,3,model_1
68,2026-04-13T19:05:42.590694,4,model_1
26,2026-04-13T19:05:42.762793,3,model_1
30,2026-04-13T19:05:42.795956,4,model_1
80,2026-04-13T19:05:42.970596,2,model_1
10,2026-04-13T19:05:42.993375,3,model_1
50,2026-04-13T19:05:43.263002,4,model_1
33,2026-04-13T19:05:43.276377,2,model_1
5,2026-04-13T19:05:43.455937,1,model_1
65,2026-04-13T19:05:43.494256,2,model_1
85,2026-04-13T19:05:43.699577,2,model_1
49,2026-04-13T19:05:43.702981,2,model_1
81,2026-04-13T19:05:43.921040,3,model_1
27,2026-04-13T19:05:43.946351,3,model_1
13,2026-04-13T19:05:44.114600,3,model_1
12,2026-04-13T19:05:44.144287,2,model_1
26,2026-04-13T19:05:44.309422,3,model_1
76,2026-04-13T19:05:44.341516,2,model_1
80,2026-04-13T19:05:44.498134,2,model_1
94,2026-04-13T19:05:44.576379,3,model_1
50,2026-04-13T19:05:44.678170,4,model_1
83,2026-04-13T19:05:44.901367,3,model_1
5,2026-04-13T19:05:45.001670,1,model_1
28,2026-04-13T19:05:45.205556,4,model_1
49,2026-04-13T19:05:45.229609,2,model_1
57,2026-04-13T19:05:45.426680,2,model_1
27,2026-04-13T19:05:45.450798,3,model_1
39,2026-04-13T19:05:45.614689,2,model_1
12,2026-04-13T19:05:45.661452,2,model_1
48,2026-04-13T19:05:45.809462,4,model_1
76,2026-04-13T19:05:45.860961,2,model_1
60,2026-04-13T19:05:46.033455,4,model_1
95,2026-04-13T19:05:46.095771,3,model_1
73,2026-04-13T19:05:46.329670,2,model_1
36,2026-04-13T19:05:46.352526,2,model_1
24,2026-04-13T19:05:46.528989,4,model_1
89,2026-04-13T19:05:46.578619,4,model_1
69,2026-04-13T19:05:46.845740,2,model_1
82,2026-04-13T19:05:46.850043,1,model_1
25,2026-04-13T19:05:47.037595,3,model_1
42,2026-04-13T19:05:47.058551,2,model_1
44,2026-04-13T19:05:47.239500,4,model_1
41,2026-04-13T19:05:47.268740,2,model_1
21,2026-04-13T19:05:47.483441,3,model_1
79,2026-04-13T19:05:47.486750,4,model_1
1,2026-04-13T19:05:47.668443,4,model_1
93,2026-04-13T19:05:47.715429,3,model_1
96,2026-04-13T19:05:47.889266,3,model_1
6,2026-04-13T19:05:47.920423,4,model_1
66,2026-04-13T19:05:48.077512,2,model_1
45,2026-04-13T19:05:48.102637,4,model_1
95,2026-04-13T19:05:48.385969,3,model_1
74,2026-04-13T19:05:48.405552,2,model_1
36,2026-04-13T19:05:48.604204,2,model_1
90,2026-04-13T19:05:48.630799,1,model_1
89,2026-04-13T19:05:48.777076,4,model_1
88,2026-04-13T19:05:48.820295,2,model_1
82,2026-04-13T19:05:48.995629,1,model_1
56,2026-04-13T19:05:49.020704,3,model_1
42,2026-04-13T19:05:49.203660,2,model_1
11,2026-04-13T19:05:49.228603,3,model_1
41,2026-04-13T19:05:49.361201,2,model_1
9,2026-04-13T19:05:49.404929,2,model_1
79,2026-04-13T19:05:49.563251,4,model_1
51,2026-04-13T19:05:49.573579,1,model_1
1,2026-04-13T19:05:49.706381,4,model_1
71,2026-04-13T19:05:49.729990,3,model_1
96,2026-04-13T19:05:49.929835,3,model_1
8,2026-04-13T19:05:49.937986,3,model_1
38,2026-04-13T19:05:50.082512,2,model_1
66,2026-04-13T19:05:50.106004,2,model_1
70,2026-04-13T19:05:50.247108,4,model_1
95,2026-04-13T19:05:50.307961,3,model_1
40,2026-04-13T19:05:50.373792,2,model_1
19,2026-04-13T19:05:50.459793,1,model_1
78,2026-04-13T19:05:50.561956,2,model_1
36,2026-04-13T19:05:50.616348,2,model_1
97,2026-04-13T19:05:50.733487,2,model_1
89,2026-04-13T19:05:50.793295,4,model_1
72,2026-04-13T19:05:50.880389,2,model_1
82,2026-04-13T19:05:50.964313,1,model_1
2,2026-04-13T19:05:51.043104,2,model_1
42,2026-04-13T19:05:51.112276,2,model_1
92,2026-04-13T19:05:51.255117,2,model_1
41,2026-04-13T19:05:51.500104,2,model_1
61,2026-04-13T19:05:51.575581,1,model_1
79,2026-04-13T19:05:51.762964,4,model_1
37,2026-04-13T19:05:51.786270,2,model_1
1,2026-04-13T19:05:51.939933,4,model_1
75,2026-04-13T19:05:51.966421,2,model_1
96,2026-04-13T19:05:52.098559,3,model_1
3,2026-04-13T19:05:52.118608,4,model_1
66,2026-04-13T19:05:52.241404,2,model_1
63,2026-04-13T19:05:52.294228,3,model_1
95,2026-04-13T19:05:52.421026,3,model_1
86,2026-04-13T19:05:52.448906,4,model_1
19,2026-04-13T19:05:52.688973,1,model_1
34,2026-04-13T19:05:52.715319,2,model_1
36,2026-04-13T19:05:52.868525,2,model_1
43,2026-04-13T19:05:52.891655,2,model_1
89,2026-04-13T19:05:53.059478,4,model_1
16,2026-04-13T19:05:53.063573,2,model_1
82,2026-04-13T19:05:53.220901,1,model_1
62,2026-04-13T19:05:53.245763,2,model_1
42,2026-04-13T19:05:53.395468,2,model_1
18,2026-04-13T19:05:53.422944,4,model_1
41,2026-04-13T19:05:53.549307,2,model_1
35,2026-04-13T19:05:53.574030,2,model_1
79,2026-04-13T19:05:53.725038,4,model_1
17,2026-04-13T19:05:53.743613,2,model_1
1,2026-04-13T19:05:53.874411,4,model_1
59,2026-04-13T19:05:53.899531,2,model_1
96,2026-04-13T19:05:54.146673,3,model_1
14,2026-04-13T19:05:54.161260,3,model_1
66,2026-04-13T19:05:54.311092,2,model_1
32,2026-04-13T19:05:54.335571,4,model_1
47,2026-04-13T19:05:54.549215,2,model_1
95,2026-04-13T19:05:54.570688,3,model_1
68,2026-04-13T19:05:54.705447,4,model_1
19,2026-04-13T19:05:54.738640,1,model_1
30,2026-04-13T19:05:54.879500,4,model_1
36,2026-04-13T19:05:54.898591,2,model_1
10,2026-04-13T19:05:55.074830,3,model_1
89,2026-04-13T19:05:55.078327,4,model_1
33,2026-04-13T19:05:55.248149,2,model_1
82,2026-04-13T19:05:55.277318,1,model_1
65,2026-04-13T19:05:55.429200,2,model_1
42,2026-04-13T19:05:55.462183,2,model_1
85,2026-04-13T19:05:55.679860,2,model_1
41,2026-04-13T19:05:55.708679,2,model_1
81,2026-04-13T19:05:55.859853,3,model_1
79,2026-04-13T19:05:55.882120,4,model_1
13,2026-04-13T19:05:56.022120,3,model_1
1,2026-04-13T19:05:56.042637,4,model_1
26,2026-04-13T19:05:56.187452,3,model_1
96,2026-04-13T19:05:56.227662,3,model_1
80,2026-04-13T19:05:56.342732,2,model_1
66,2026-04-13T19:05:56.443600,2,model_1
50,2026-04-13T19:05:56.540656,4,model_1
64,2026-04-13T19:05:56.676522,2,model_1
5,2026-04-13T19:05:56.737491,1,model_1
55,2026-04-13T19:05:56.894116,2,model_1
49,2026-04-13T19:05:56.945504,2,model_1
91,2026-04-13T19:05:57.180559,2,model_1
27,2026-04-13T19:05:57.213877,3,model_1
54,2026-04-13T19:05:57.377206,4,model_1
12,2026-04-13T19:05:57.404408,2,model_1
22,2026-04-13T19:05:57.579923,3,model_1
76,2026-04-13T19:05:57.598298,2,model_1
52,2026-04-13T19:05:57.775432,4,model_1
64,2026-04-13T19:05:57.833464,2,model_1
15,2026-04-13T19:05:57.948714,2,model_1
55,2026-04-13T19:05:57.997568,2,model_1
29,2026-04-13T19:05:58.129489,3,model_1
54,2026-04-13T19:05:58.162711,4,model_1
31,2026-04-13T19:05:58.340309,4,model_1
22,2026-04-13T19:05:58.363990,3,model_1
98,2026-04-13T19:05:58.501414,2,model_1
52,2026-04-13T19:05:58.534574,4,model_1
67,2026-04-13T19:05:58.792109,2,model_1
15,2026-04-13T19:05:58.827961,2,model_1
77,2026-04-13T19:05:58.958363,2,model_1
29,2026-04-13T19:05:58.979424,3,model_1
64,2026-04-13T19:05:59.183302,2,model_1
31,2026-04-13T19:05:59.187301,4,model_1
98,2026-04-13T19:05:59.357896,2,model_1
55,2026-04-13T19:05:59.372198,2,model_1
91,2026-04-13T19:05:59.509850,2,model_1
67,2026-04-13T19:05:59.540729,2,model_1
54,2026-04-13T19:05:59.708673,4,model_1
77,2026-04-13T19:05:59.713348,2,model_1
22,2026-04-13T19:05:59.873892,3,model_1
64,2026-04-13T19:05:59.949352,2,model_1
52,2026-04-13T19:06:00.001027,4,model_1
55,2026-04-13T19:06:00.119276,2,model_1
15,2026-04-13T19:06:00.260537,2,model_1
54,2026-04-13T19:06:00.382018,4,model_1
29,2026-04-13T19:06:00.410255,3,model_1
22,2026-04-13T19:06:00.547540,3,model_1
31,2026-04-13T19:06:00.576060,4,model_1
52,2026-04-13T19:06:00.727969,4,model_1
98,2026-04-13T19:06:00.777145,2,model_1
15,2026-04-13T19:06:00.881161,2,model_1
67,2026-04-13T19:06:00.919322,2,model_1
29,2026-04-13T19:06:01.076380,3,model_1
77,2026-04-13T19:06:01.097116,2,model_1
64,2026-04-13T19:06:01.302163,2,model_1
31,2026-04-13T19:06:01.304616,4,model_1
98,2026-04-13T19:06:01.489201,2,model_1
55,2026-04-13T19:06:01.513690,2,model_1
67,2026-04-13T19:06:01.661158,2,model_1
91,2026-04-13T19:06:01.742301,2,model_1
77,2026-04-13T19:06:01.863459,2,model_1
54,2026-04-13T19:06:01.939238,4,model_1
23,2026-04-13T19:06:02.064747,2,model_1
22,2026-04-13T19:06:02.088668,3,model_1
46,2026-04-13T19:06:02.237262,2,model_1
52,2026-04-13T19:06:02.254217,4,model_1
53,2026-04-13T19:06:02.421672,2,model_1
15,2026-04-13T19:06:02.441928,2,model_1
4,2026-04-13T19:06:02.588329,2,model_1
29,2026-04-13T19:06:02.613992,3,model_1
7,2026-04-13T19:06:02.787536,3,model_1
31,2026-04-13T19:06:02.791136,4,model_1
20,2026-04-13T19:06:02.958272,4,model_1
98,2026-04-13T19:06:02.971139,2,model_1
87,2026-04-13T19:06:03.124843,4,model_1
67,2026-04-13T19:06:03.152583,2,model_1
84,2026-04-13T19:06:03.288977,4,model_1
77,2026-04-13T19:06:03.366016,2,model_1
58,2026-04-13T19:06:03.513690,1,model_1
23,2026-04-13T19:06:03.582392,2,model_1
64,2026-04-13T19:06:03.660689,2,model_1
46,2026-04-13T19:06:03.741731,2,model_1
23,2026-04-13T19:06:03.848995,2,model_1
53,2026-04-13T19:06:03.912820,2,model_1
46,2026-04-13T19:06:04.002269,2,model_1
4,2026-04-13T19:06:04.100856,2,model_1
53,2026-04-13T19:06:04.158185,2,model_1
7,2026-04-13T19:06:04.285567,3,model_1
4,2026-04-13T19:06:04.313425,2,model_1
20,2026-04-13T19:06:04.461787,4,model_1
7,2026-04-13T19:06:04.489220,3,model_1
87,2026-04-13T19:06:04.685573,4,model_1
20,2026-04-13T19:06:04.688695,4,model_1
84,2026-04-13T19:06:04.849717,4,model_1
87,2026-04-13T19:06:04.871541,4,model_1
58,2026-04-13T19:06:05.019867,1,model_1
84,2026-04-13T19:06:05.041964,4,model_1
64,2026-04-13T19:06:05.188786,2,model_1
58,2026-04-13T19:06:05.214923,1,model_1
23,2026-04-13T19:06:05.419554,2,model_1
64,2026-04-13T19:06:05.423794,2,model_1
46,2026-04-13T19:06:05.631163,2,model_1
23,2026-04-13T19:06:05.634184,2,model_1
46,2026-04-13T19:06:05.815919,2,model_1
53,2026-04-13T19:06:05.819479,2,model_1
4,2026-04-13T19:06:05.966757,2,model_1
53,2026-04-13T19:06:05.992060,2,model_1
7,2026-04-13T19:06:06.141823,3,model_1
4,2026-04-13T19:06:06.164615,2,model_1
20,2026-04-13T19:06:06.301761,4,model_1
7,2026-04-13T19:06:06.323808,3,model_1
87,2026-04-13T19:06:06.612664,4,model_1
20,2026-04-13T19:06:06.624296,4,model_1
87,2026-04-13T19:06:06.789103,4,model_1
84,2026-04-13T19:06:06.805755,4,model_1
84,2026-04-13T19:06:06.946659,4,model_1
58,2026-04-13T19:06:06.967154,1,model_1
58,2026-04-13T19:06:07.140934,1,model_1
64,2026-04-13T19:06:07.157044,2,model_1
64,2026-04-13T19:06:07.323482,2,model_1
38,2026-04-13T19:06:43.467479,2,model_1
71,2026-04-13T19:06:43.706988,2,model_1
38,2026-04-13T19:06:43.905805,2,model_1
6,2026-04-13T19:06:44.017335,2,model_1
71,2026-04-13T19:06:44.041289,2,model_1
78,2026-04-13T19:06:44.184187,2,model_1
6,2026-04-13T19:06:44.222021,2,model_1
70,2026-04-13T19:06:44.419607,3,model_1
78,2026-04-13T19:06:44.463008,2,model_1
39,2026-04-13T19:06:44.588818,2,model_1
70,2026-04-13T19:06:44.620807,3,model_1
90,2026-04-13T19:06:44.788646,3,model_1
39,2026-04-13T19:06:44.815022,2,model_1
25,2026-04-13T19:06:44.972722,2,model_1
90,2026-04-13T19:06:45.000102,3,model_1
47,2026-04-13T19:06:45.141562,1,model_1
25,2026-04-13T19:06:45.169966,2,model_1
21,2026-04-13T19:06:45.320397,4,model_1
47,2026-04-13T19:06:45.348478,1,model_1
45,2026-04-13T19:06:45.493856,4,model_1
21,2026-04-13T19:06:45.528536,4,model_1
69,2026-04-13T19:06:45.677472,2,model_1
45,2026-04-13T19:06:45.730760,4,model_1
17,2026-04-13T19:06:45.851006,3,model_1
69,2026-04-13T19:06:45.956025,2,model_1
9,2026-04-13T19:06:46.087589,3,model_1
17,2026-04-13T19:06:46.145414,3,model_1
94,2026-04-13T19:06:46.255361,3,model_1
9,2026-04-13T19:06:46.330136,3,model_1
85,2026-04-13T19:06:46.417917,2,model_1
94,2026-04-13T19:06:46.542871,3,model_1
12,2026-04-13T19:06:46.598042,1,model_1
85,2026-04-13T19:06:46.723826,2,model_1
33,2026-04-13T19:06:46.747717,2,model_1
12,2026-04-13T19:06:46.906770,1,model_1
76,2026-04-13T19:06:46.930476,1,model_1
33,2026-04-13T19:06:47.071020,2,model_1
5,2026-04-13T19:06:47.094372,4,model_1
76,2026-04-13T19:06:47.287413,1,model_1
10,2026-04-13T19:06:47.306991,4,model_1
5,2026-04-13T19:06:47.469901,4,model_1
75,2026-04-13T19:06:47.504309,3,model_1
10,2026-04-13T19:06:47.595591,4,model_1
49,2026-04-13T19:06:47.670184,2,model_1
75,2026-04-13T19:06:47.760635,3,model_1
80,2026-04-13T19:06:47.859603,3,model_1
49,2026-04-13T19:06:47.905954,2,model_1
27,2026-04-13T19:06:48.043535,3,model_1
80,2026-04-13T19:06:48.066575,3,model_1
61,2026-04-13T19:06:48.213430,3,model_1
27,2026-04-13T19:06:48.239679,3,model_1
19,2026-04-13T19:06:48.388737,4,model_1
61,2026-04-13T19:06:48.415966,3,model_1
63,2026-04-13T19:06:48.556988,2,model_1
19,2026-04-13T19:06:48.581100,4,model_1
74,2026-04-13T19:06:48.723815,2,model_1
63,2026-04-13T19:06:48.747692,2,model_1
65,2026-04-13T19:06:48.986768,3,model_1
74,2026-04-13T19:06:48.990193,2,model_1
65,2026-04-13T19:06:49.157414,3,model_1
28,2026-04-13T19:06:49.160456,4,model_1
28,2026-04-13T19:06:49.325730,4,model_1
22,2026-04-13T19:06:49.351562,4,model_1
22,2026-04-13T19:06:49.494667,4,model_1
43,2026-04-13T19:06:49.515688,4,model_1
43,2026-04-13T19:06:49.668373,4,model_1
26,2026-04-13T19:06:49.695019,4,model_1
26,2026-04-13T19:06:49.843024,4,model_1
42,2026-04-13T19:06:49.869219,4,model_1
42,2026-04-13T19:06:50.027112,4,model_1
89,2026-04-13T19:06:50.045452,4,model_1
41,2026-04-13T19:06:50.204827,2,model_1
89,2026-04-13T19:06:50.244775,4,model_1
50,2026-04-13T19:06:50.389799,4,model_1
41,2026-04-13T19:06:50.425734,2,model_1
67,2026-04-13T19:06:50.647262,2,model_1
50,2026-04-13T19:06:50.659593,4,model_1
14,2026-04-13T19:06:50.828338,3,model_1
67,2026-04-13T19:06:50.849085,2,model_1
2,2026-04-13T19:06:50.988329,2,model_1
14,2026-04-13T19:06:51.015094,3,model_1
58,2026-04-13T19:06:51.164411,1,model_1
2,2026-04-13T19:06:51.188990,2,model_1
98,2026-04-13T19:06:51.331120,2,model_1
58,2026-04-13T19:06:51.356408,1,model_1
20,2026-04-13T19:06:51.501749,2,model_1
98,2026-04-13T19:06:51.534549,2,model_1
32,2026-04-13T19:06:51.700005,3,model_1
20,2026-04-13T19:06:51.725665,2,model_1
3,2026-04-13T19:06:51.866164,4,model_1
32,2026-04-13T19:06:51.896943,3,model_1
62,2026-04-13T19:06:52.079779,2,model_1
3,2026-04-13T19:06:52.089385,4,model_1
18,2026-04-13T19:06:52.232426,4,model_1
62,2026-04-13T19:06:52.255442,2,model_1
48,2026-04-13T19:06:52.462330,4,model_1
18,2026-04-13T19:06:52.481813,4,model_1
48,2026-04-13T19:06:52.622627,4,model_1
79,2026-04-13T19:06:52.645109,4,model_1
79,2026-04-13T19:06:52.789033,4,model_1
30,2026-04-13T19:06:52.815554,3,model_1
30,2026-04-13T19:06:52.973040,3,model_1
29,2026-04-13T19:06:52.996259,3,model_1
29,2026-04-13T19:06:53.135273,3,model_1
97,2026-04-13T19:06:53.167427,2,model_1
97,2026-04-13T19:06:53.322290,2,model_1
24,2026-04-13T19:06:53.347613,1,model_1
24,2026-04-13T19:06:53.508681,1,model_1
60,2026-04-13T19:06:53.549238,4,model_1
60,2026-04-13T19:06:53.741203,4,model_1
7,2026-04-13T19:06:53.779869,3,model_1
7,2026-04-13T19:06:54.083672,3,model_1
40,2026-04-13T19:06:54.185779,2,model_1
40,2026-04-13T19:06:54.549892,2,model_1
11,2026-04-13T19:06:54.674532,3,model_1
11,2026-04-13T19:06:55.019967,3,model_1
44,2026-04-13T19:06:55.186287,4,model_1
44,2026-04-13T19:06:55.484719,4,model_1
95,2026-04-13T19:06:55.715127,3,model_1
95,2026-04-13T19:06:56.009052,3,model_1
4,2026-04-13T19:06:56.182501,2,model_1
4,2026-04-13T19:06:56.500830,2,model_1
59,2026-04-13T19:06:56.637850,2,model_1
59,2026-04-13T19:06:56.972468,2,model_1
68,2026-04-13T19:06:57.102104,3,model_1
68,2026-04-13T19:06:57.331194,3,model_1
87,2026-04-13T19:06:57.446647,3,model_1
87,2026-04-13T19:06:57.565659,3,model_1
37,2026-04-13T19:06:57.701196,2,model_1
37,2026-04-13T19:06:57.903847,2,model_1
86,2026-04-13T19:06:58.027487,2,model_1
86,2026-04-13T19:06:58.094606,2,model_1
46,2026-04-13T19:06:58.362802,4,model_1
46,2026-04-13T19:06:58.392811,4,model_1
55,2026-04-13T19:06:58.597981,2,model_1
55,2026-04-13T19:06:58.634549,2,model_1
53,2026-04-13T19:06:58.821451,2,model_1
53,2026-04-13T19:06:58.844951,2,model_1
31,2026-04-13T19:06:58.986173,1,model_1
31,2026-04-13T19:06:59.015642,4,model_1
38,2026-04-13T19:06:59.264303,2,model_1
38,2026-04-13T19:06:59.285906,2,model_1
71,2026-04-13T19:06:59.478377,2,model_1
71,2026-04-13T19:06:59.521017,2,model_1
6,2026-04-13T19:06:59.625175,2,model_1
6,2026-04-13T19:06:59.708459,2,model_1
78,2026-04-13T19:06:59.804606,2,model_1
78,2026-04-13T19:06:59.870473,2,model_1
70,2026-04-13T19:06:59.962571,3,model_1
70,2026-04-13T19:07:00.045354,3,model_1
39,2026-04-13T19:07:00.133832,2,model_1
39,2026-04-13T19:07:00.188685,2,model_1
90,2026-04-13T19:07:00.268205,3,model_1
90,2026-04-13T19:07:00.352792,3,model_1
25,2026-04-13T19:07:00.424465,2,model_1
25,2026-04-13T19:07:00.501556,2,model_1
47,2026-04-13T19:07:00.602645,1,model_1
47,2026-04-13T19:07:00.647763,1,model_1
21,2026-04-13T19:07:00.822401,4,model_1
21,2026-04-13T19:07:00.911626,4,model_1
45,2026-04-13T19:07:00.966574,4,model_1
45,2026-04-13T19:07:01.090875,4,model_1
69,2026-04-13T19:07:01.133876,2,model_1
69,2026-04-13T19:07:01.235001,2,model_1
17,2026-04-13T19:07:01.316895,3,model_1
17,2026-04-13T19:07:01.389555,3,model_1
9,2026-04-13T19:07:01.466355,3,model_1
9,2026-04-13T19:07:01.540032,3,model_1
94,2026-04-13T19:07:01.628383,3,model_1
94,2026-04-13T19:07:01.699475,3,model_1
85,2026-04-13T19:07:01.767028,2,model_1
85,2026-04-13T19:07:01.852643,2,model_1
12,2026-04-13T19:07:01.912730,1,model_1
12,2026-04-13T19:07:02.081510,1,model_1
33,2026-04-13T19:07:02.130363,2,model_1
33,2026-04-13T19:07:02.300392,2,model_1
76,2026-04-13T19:07:02.339661,1,model_1
76,2026-04-13T19:07:02.744194,1,model_1
5,2026-04-13T19:07:03.911448,4,model_1
5,2026-04-13T19:07:04.070373,4,model_1
10,2026-04-13T19:07:04.189774,4,model_1
10,2026-04-13T19:07:04.489552,4,model_1
75,2026-04-13T19:07:04.515791,3,model_1
49,2026-04-13T19:07:05.043927,2,model_1
75,2026-04-13T19:07:05.114654,3,model_1
80,2026-04-13T19:07:05.570683,3,model_1
49,2026-04-13T19:07:05.637729,2,model_1
27,2026-04-13T19:07:06.121646,3,model_1
80,2026-04-13T19:07:06.186311,3,model_1
27,2026-04-13T19:07:06.726906,3,model_1
61,2026-04-13T19:07:06.807117,3,model_1
19,2026-04-13T19:07:07.136012,4,model_1
61,2026-04-13T19:07:07.220494,3,model_1
63,2026-04-13T19:07:07.609553,2,model_1
19,2026-04-13T19:07:07.683402,4,model_1
74,2026-04-13T19:07:08.070741,2,model_1
63,2026-04-13T19:07:08.105789,2,model_1
74,2026-04-13T19:07:08.575633,2,model_1
65,2026-04-13T19:07:08.599242,3,model_1
65,2026-04-13T19:07:08.952437,3,model_1
28,2026-04-13T19:07:09.006434,4,model_1
28,2026-04-13T19:07:09.201326,4,model_1
22,2026-04-13T19:07:09.227392,4,model_1
22,2026-04-13T19:07:09.423236,4,model_1
43,2026-04-13T19:07:09.470505,4,model_1
43,2026-04-13T19:07:09.642013,4,model_1
26,2026-04-13T19:07:09.666501,4,model_1
26,2026-04-13T19:07:09.915665,4,model_1
42,2026-04-13T19:07:09.969429,4,model_1
42,2026-04-13T19:07:10.177125,4,model_1
89,2026-04-13T19:07:10.195669,4,model_1
89,2026-04-13T19:07:10.444112,4,model_1
41,2026-04-13T19:07:10.491136,2,model_1
41,2026-04-13T19:07:10.658948,2,model_1
50,2026-04-13T19:07:10.684892,4,model_1
50,2026-04-13T19:07:10.863645,4,model_1
67,2026-04-13T19:07:10.884275,2,model_1
67,2026-04-13T19:07:11.035214,2,model_1
14,2026-04-13T19:07:11.059798,3,model_1
14,2026-04-13T19:07:11.223517,3,model_1
2,2026-04-13T19:07:11.245291,2,model_1
2,2026-04-13T19:07:11.424038,2,model_1
58,2026-04-13T19:07:11.461212,1,model_1
58,2026-04-13T19:07:11.634782,1,model_1
98,2026-04-13T19:07:11.659558,2,model_1
98,2026-04-13T19:07:11.823478,2,model_1
20,2026-04-13T19:07:11.850583,2,model_1
20,2026-04-13T19:07:12.017606,2,model_1
32,2026-04-13T19:07:12.047606,3,model_1
32,2026-04-13T19:07:12.225982,3,model_1
3,2026-04-13T19:07:12.239184,4,model_1
3,2026-04-13T19:07:12.514832,4,model_1
62,2026-04-13T19:07:12.518384,2,model_1
62,2026-04-13T19:07:12.702521,2,model_1
18,2026-04-13T19:07:12.748228,4,model_1
18,2026-04-13T19:07:12.897089,4,model_1
48,2026-04-13T19:07:12.952616,4,model_1
48,2026-04-13T19:07:13.050537,4,model_1
79,2026-04-13T19:07:13.147575,4,model_1
79,2026-04-13T19:07:13.240668,4,model_1
30,2026-04-13T19:07:13.324536,3,model_1
30,2026-04-13T19:07:13.414535,3,model_1
29,2026-04-13T19:07:13.507339,3,model_1
29,2026-04-13T19:07:13.724520,3,model_1
97,2026-04-13T19:07:13.815483,2,model_1
97,2026-04-13T19:07:14.001796,2,model_1
24,2026-04-13T19:07:14.027404,1,model_1
24,2026-04-13T19:07:14.296235,1,model_1
60,2026-04-13T19:07:14.322510,4,model_1
60,2026-04-13T19:07:14.509538,4,model_1
7,2026-04-13T19:07:14.534548,3,model_1
7,2026-04-13T19:07:14.724347,3,model_1
40,2026-04-13T19:07:14.752875,2,model_1
40,2026-04-13T19:07:14.916731,2,model_1
11,2026-04-13T19:07:15.011025,3,model_1
11,2026-04-13T19:07:15.139210,3,model_1
44,2026-04-13T19:07:15.283286,4,model_1
44,2026-04-13T19:07:15.360191,4,model_1
95,2026-04-13T19:07:15.459811,3,model_1
95,2026-04-13T19:07:15.591597,3,model_1
4,2026-04-13T19:07:15.695924,2,model_1
4,2026-04-13T19:07:15.784124,2,model_1
59,2026-04-13T19:07:15.871626,2,model_1
59,2026-04-13T19:07:16.027810,2,model_1
68,2026-04-13T19:07:16.136340,3,model_1
68,2026-04-13T19:07:16.220676,3,model_1
87,2026-04-13T19:07:16.304092,3,model_1
87,2026-04-13T19:07:16.408271,3,model_1
37,2026-04-13T19:07:16.494109,2,model_1
37,2026-04-13T19:07:16.589757,2,model_1
86,2026-04-13T19:07:16.777362,2,model_1
86,2026-04-13T19:07:16.801859,2,model_1
46,2026-04-13T19:07:17.008400,4,model_1
46,2026-04-13T19:07:17.061205,4,model_1
55,2026-04-13T19:07:17.218234,2,model_1
55,2026-04-13T19:07:17.245332,2,model_1
53,2026-04-13T19:07:17.416968,2,model_1
53,2026-04-13T19:07:17.440264,2,model_1
31,2026-04-13T19:07:17.589663,4,model_1
31,2026-04-13T19:07:17.619000,4,model_1
81,2026-04-13T19:07:17.962895,2,model_1
38,2026-04-13T19:07:17.973897,2,model_1
71,2026-04-13T19:07:18.156013,2,model_1
56,2026-04-13T19:07:18.187609,4,model_1
6,2026-04-13T19:07:18.327684,2,model_1
83,2026-04-13T19:07:18.356067,3,model_1
78,2026-04-13T19:07:18.488982,2,model_1
66,2026-04-13T19:07:18.525406,2,model_1
70,2026-04-13T19:07:18.640892,3,model_1
35,2026-04-13T19:07:18.670623,3,model_1
39,2026-04-13T19:07:18.810031,2,model_1
73,2026-04-13T19:07:18.831124,2,model_1
90,2026-04-13T19:07:18.975383,3,model_1
36,2026-04-13T19:07:18.998198,2,model_1
25,2026-04-13T19:07:19.141487,2,model_1
1,2026-04-13T19:07:19.163897,4,model_1
47,2026-04-13T19:07:19.326465,1,model_1
54,2026-04-13T19:07:19.340569,4,model_1
21,2026-04-13T19:07:19.525069,4,model_1
82,2026-04-13T19:07:19.546919,2,model_1
45,2026-04-13T19:07:19.690368,4,model_1
81,2026-04-13T19:07:19.779664,2,model_1
69,2026-04-13T19:07:19.832197,2,model_1
56,2026-04-13T19:07:19.919018,4,model_1
17,2026-04-13T19:07:19.985957,3,model_1
83,2026-04-13T19:07:20.069681,3,model_1
9,2026-04-13T19:07:20.155270,3,model_1
88,2026-04-13T19:07:20.235079,2,model_1
94,2026-04-13T19:07:20.281198,3,model_1
66,2026-04-13T19:07:20.378370,2,model_1
85,2026-04-13T19:07:20.463530,2,model_1
35,2026-04-13T19:07:20.521541,3,model_1
12,2026-04-13T19:07:20.662359,1,model_1
73,2026-04-13T19:07:20.695910,2,model_1
33,2026-04-13T19:07:20.845367,2,model_1
36,2026-04-13T19:07:20.865765,2,model_1
76,2026-04-13T19:07:21.070181,1,model_1
1,2026-04-13T19:07:21.096375,4,model_1
5,2026-04-13T19:07:21.245526,4,model_1
54,2026-04-13T19:07:21.268984,4,model_1
10,2026-04-13T19:07:21.409686,4,model_1
82,2026-04-13T19:07:21.439058,2,model_1
75,2026-04-13T19:07:21.574882,3,model_1
81,2026-04-13T19:07:21.662582,2,model_1
49,2026-04-13T19:07:21.732606,2,model_1
56,2026-04-13T19:07:21.811982,4,model_1
80,2026-04-13T19:07:21.883848,3,model_1
83,2026-04-13T19:07:21.954858,3,model_1
27,2026-04-13T19:07:22.075703,3,model_1
88,2026-04-13T19:07:22.120079,2,model_1
61,2026-04-13T19:07:22.198741,3,model_1
66,2026-04-13T19:07:22.275016,2,model_1
19,2026-04-13T19:07:22.358409,4,model_1
35,2026-04-13T19:07:22.531686,3,model_1
63,2026-04-13T19:07:22.588494,2,model_1
73,2026-04-13T19:07:22.722130,2,model_1
74,2026-04-13T19:07:22.774777,2,model_1
36,2026-04-13T19:07:22.889729,2,model_1
65,2026-04-13T19:07:22.910534,3,model_1
1,2026-04-13T19:07:23.068647,4,model_1
28,2026-04-13T19:07:23.101069,4,model_1
54,2026-04-13T19:07:23.195862,4,model_1
22,2026-04-13T19:07:23.262762,4,model_1
82,2026-04-13T19:07:23.331264,2,model_1
43,2026-04-13T19:07:23.450459,4,model_1
77,2026-04-13T19:07:23.520243,2,model_1
26,2026-04-13T19:07:23.633959,4,model_1
15,2026-04-13T19:07:23.677461,3,model_1
42,2026-04-13T19:07:23.775860,4,model_1
81,2026-04-13T19:07:23.889628,2,model_1
89,2026-04-13T19:07:23.927615,4,model_1
56,2026-04-13T19:07:24.045369,4,model_1
41,2026-04-13T19:07:24.096471,2,model_1
83,2026-04-13T19:07:24.190758,3,model_1
50,2026-04-13T19:07:24.332153,4,model_1
88,2026-04-13T19:07:24.396598,2,model_1
67,2026-04-13T19:07:24.464103,2,model_1
66,2026-04-13T19:07:24.532875,2,model_1
14,2026-04-13T19:07:24.626027,3,model_1
35,2026-04-13T19:07:24.701694,3,model_1
2,2026-04-13T19:07:24.791295,2,model_1
73,2026-04-13T19:07:24.839072,2,model_1
58,2026-04-13T19:07:24.974310,1,model_1
36,2026-04-13T19:07:24.999777,2,model_1
98,2026-04-13T19:07:25.133496,2,model_1
1,2026-04-13T19:07:25.162329,4,model_1
20,2026-04-13T19:07:25.305419,2,model_1
54,2026-04-13T19:07:25.332728,4,model_1
32,2026-04-13T19:07:25.486186,3,model_1
82,2026-04-13T19:07:25.513126,2,model_1
3,2026-04-13T19:07:25.662219,4,model_1
77,2026-04-13T19:07:25.685438,2,model_1
62,2026-04-13T19:07:25.828728,2,model_1
15,2026-04-13T19:07:25.848063,3,model_1
18,2026-04-13T19:07:26.074024,4,model_1
81,2026-04-13T19:07:26.145046,2,model_1
48,2026-04-13T19:07:26.210928,4,model_1
56,2026-04-13T19:07:26.307652,4,model_1
79,2026-04-13T19:07:26.370834,4,model_1
83,2026-04-13T19:07:26.486437,3,model_1
30,2026-04-13T19:07:26.525615,3,model_1
88,2026-04-13T19:07:26.654074,2,model_1
29,2026-04-13T19:07:26.680338,3,model_1
66,2026-04-13T19:07:26.833934,2,model_1
97,2026-04-13T19:07:26.860720,2,model_1
35,2026-04-13T19:07:27.009645,3,model_1
24,2026-04-13T19:07:27.033938,1,model_1
73,2026-04-13T19:07:27.199760,2,model_1
60,2026-04-13T19:07:27.223677,4,model_1
36,2026-04-13T19:07:27.363846,2,model_1
7,2026-04-13T19:07:27.391401,3,model_1
40,2026-04-13T19:07:27.613164,2,model_1
1,2026-04-13T19:07:27.618170,4,model_1
54,2026-04-13T19:07:27.787221,4,model_1
11,2026-04-13T19:07:27.795549,3,model_1
82,2026-04-13T19:07:27.949075,2,model_1
44,2026-04-13T19:07:27.979272,4,model_1
77,2026-04-13T19:07:28.123216,2,model_1
95,2026-04-13T19:07:28.145863,3,model_1
15,2026-04-13T19:07:28.301219,3,model_1
4,2026-04-13T19:07:28.328177,2,model_1
59,2026-04-13T19:07:28.524485,2,model_1
93,2026-04-13T19:07:28.549805,3,model_1
68,2026-04-13T19:07:28.664867,3,model_1
13,2026-04-13T19:07:28.732782,3,model_1
87,2026-04-13T19:07:28.807828,3,model_1
57,2026-04-13T19:07:28.891946,3,model_1
37,2026-04-13T19:07:28.956819,2,model_1
16,2026-04-13T19:07:29.112078,2,model_1
86,2026-04-13T19:07:29.201922,2,model_1
8,2026-04-13T19:07:29.297484,3,model_1
46,2026-04-13T19:07:29.363332,4,model_1
72,2026-04-13T19:07:29.443414,2,model_1
55,2026-04-13T19:07:29.510140,2,model_1
92,2026-04-13T19:07:29.619413,2,model_1
53,2026-04-13T19:07:29.700273,2,model_1
34,2026-04-13T19:07:29.782686,2,model_1
31,2026-04-13T19:07:29.855655,4,model_1
91,2026-04-13T19:07:29.925410,2,model_1
93,2026-04-13T19:07:30.062854,3,model_1
23,2026-04-13T19:07:30.065134,3,model_1
84,2026-04-13T19:07:30.256703,4,model_1
13,2026-04-13T19:07:30.281428,3,model_1
57,2026-04-13T19:07:30.501469,3,model_1
93,2026-04-13T19:07:30.514916,3,model_1
13,2026-04-13T19:07:30.664681,3,model_1
16,2026-04-13T19:07:30.692757,2,model_1
57,2026-04-13T19:07:30.861914,3,model_1
8,2026-04-13T19:07:30.876258,3,model_1
16,2026-04-13T19:07:31.062088,2,model_1
72,2026-04-13T19:07:31.084178,2,model_1
8,2026-04-13T19:07:31.225279,3,model_1
92,2026-04-13T19:07:31.248660,2,model_1
72,2026-04-13T19:07:31.387490,2,model_1
34,2026-04-13T19:07:31.413650,2,model_1
92,2026-04-13T19:07:31.559493,2,model_1
91,2026-04-13T19:07:31.585859,2,model_1
34,2026-04-13T19:07:31.734727,2,model_1
23,2026-04-13T19:07:31.755939,3,model_1
91,2026-04-13T19:07:31.932964,2,model_1
93,2026-04-13T19:07:32.004071,3,model_1
23,2026-04-13T19:07:32.084850,3,model_1
51,2026-04-13T19:07:32.161739,1,model_1
84,2026-04-13T19:07:32.230610,4,model_1
13,2026-04-13T19:07:32.317466,3,model_1
93,2026-04-13T19:07:32.438110,3,model_1
57,2026-04-13T19:07:32.565633,3,model_1
13,2026-04-13T19:07:32.685978,3,model_1
16,2026-04-13T19:07:32.712147,2,model_1
57,2026-04-13T19:07:32.855544,3,model_1
8,2026-04-13T19:07:32.881221,3,model_1
16,2026-04-13T19:07:33.026508,2,model_1
72,2026-04-13T19:07:33.052669,2,model_1
8,2026-04-13T19:07:33.187405,3,model_1
92,2026-04-13T19:07:33.208147,2,model_1
72,2026-04-13T19:07:33.366489,2,model_1
34,2026-04-13T19:07:33.390354,2,model_1
92,2026-04-13T19:07:33.542164,2,model_1
91,2026-04-13T19:07:33.591970,2,model_1
34,2026-04-13T19:07:33.697963,2,model_1
23,2026-04-13T19:07:33.770103,3,model_1
91,2026-04-13T19:07:33.857423,2,model_1
84,2026-04-13T19:07:33.909070,4,model_1
23,2026-04-13T19:07:34.035345,3,model_1
84,2026-04-13T19:07:34.245802,4,model_1
96,2026-04-13T19:08:19.365024,3,model_1
64,2026-04-13T19:08:19.682371,2,model_1
25,2026-04-13T19:08:19.980414,3,model_1
96,2026-04-13T19:08:20.271500,3,model_1
97,2026-04-13T19:08:20.291182,2,model_1
64,2026-04-13T19:08:20.553687,2,model_1
76,2026-04-13T19:08:20.637565,1,model_1
25,2026-04-13T19:08:20.823321,3,model_1
68,2026-04-13T19:08:20.867992,4,model_1
97,2026-04-13T19:08:21.051339,2,model_1
53,2026-04-13T19:08:21.143361,2,model_1
76,2026-04-13T19:08:21.222510,1,model_1
20,2026-04-13T19:08:21.307504,4,model_1
68,2026-04-13T19:08:21.376911,4,model_1
37,2026-04-13T19:08:21.467195,2,model_1
53,2026-04-13T19:08:21.555899,2,model_1
46,2026-04-13T19:08:21.647909,2,model_1
20,2026-04-13T19:08:21.727033,4,model_1
38,2026-04-13T19:08:21.792101,2,model_1
37,2026-04-13T19:08:21.905424,2,model_1
17,2026-04-13T19:08:21.984782,4,model_1
46,2026-04-13T19:08:22.067346,2,model_1
14,2026-04-13T19:08:22.135006,3,model_1
38,2026-04-13T19:08:22.210728,2,model_1
30,2026-04-13T19:08:22.292373,4,model_1
17,2026-04-13T19:08:22.371606,4,model_1
65,2026-04-13T19:08:22.477938,2,model_1
14,2026-04-13T19:08:22.604421,3,model_1
90,2026-04-13T19:08:22.713155,1,model_1
30,2026-04-13T19:08:22.784461,4,model_1
87,2026-04-13T19:08:22.871049,4,model_1
65,2026-04-13T19:08:22.961190,2,model_1
50,2026-04-13T19:08:23.045479,3,model_1
90,2026-04-13T19:08:23.118268,1,model_1
24,2026-04-13T19:08:23.202231,4,model_1
87,2026-04-13T19:08:23.296679,4,model_1
9,2026-04-13T19:08:23.351053,2,model_1
50,2026-04-13T19:08:23.458922,3,model_1
74,2026-04-13T19:08:23.523788,2,model_1
24,2026-04-13T19:08:23.596762,4,model_1
86,2026-04-13T19:08:23.673303,3,model_1
9,2026-04-13T19:08:23.787194,2,model_1
6,2026-04-13T19:08:23.842944,4,model_1
74,2026-04-13T19:08:23.969803,2,model_1
52,2026-04-13T19:08:24.079769,4,model_1
86,2026-04-13T19:08:24.257267,3,model_1
32,2026-04-13T19:08:24.282607,4,model_1
6,2026-04-13T19:08:24.422616,4,model_1
81,2026-04-13T19:08:24.448882,3,model_1
52,2026-04-13T19:08:24.597430,4,model_1
36,2026-04-13T19:08:24.624326,2,model_1
32,2026-04-13T19:08:24.773261,4,model_1
78,2026-04-13T19:08:24.818258,2,model_1
81,2026-04-13T19:08:24.947202,3,model_1
94,2026-04-13T19:08:24.967842,3,model_1
15,2026-04-13T19:08:25.149038,2,model_1
36,2026-04-13T19:08:25.186832,2,model_1
88,2026-04-13T19:08:25.343280,2,model_1
78,2026-04-13T19:08:25.371929,2,model_1
70,2026-04-13T19:08:25.548985,4,model_1
94,2026-04-13T19:08:25.562411,3,model_1
85,2026-04-13T19:08:25.753569,2,model_1
15,2026-04-13T19:08:25.785366,2,model_1
88,2026-04-13T19:08:25.953335,2,model_1
82,2026-04-13T19:08:25.974109,1,model_1
70,2026-04-13T19:08:26.121687,4,model_1
47,2026-04-13T19:08:26.143260,3,model_1
85,2026-04-13T19:08:26.298731,2,model_1
91,2026-04-13T19:08:26.322010,2,model_1
40,2026-04-13T19:08:26.518065,2,model_1
82,2026-04-13T19:08:26.524158,1,model_1
19,2026-04-13T19:08:26.690602,4,model_1
47,2026-04-13T19:08:26.713245,3,model_1
34,2026-04-13T19:08:26.867862,2,model_1
91,2026-04-13T19:08:26.895255,2,model_1
45,2026-04-13T19:08:27.044604,4,model_1
40,2026-04-13T19:08:27.068114,2,model_1
93,2026-04-13T19:08:27.206498,3,model_1
19,2026-04-13T19:08:27.232572,4,model_1
42,2026-04-13T19:08:27.390662,2,model_1
34,2026-04-13T19:08:27.415917,2,model_1
45,2026-04-13T19:08:27.653754,4,model_1
98,2026-04-13T19:08:27.657987,2,model_1
93,2026-04-13T19:08:27.837708,3,model_1
69,2026-04-13T19:08:27.858200,3,model_1
42,2026-04-13T19:08:28.037307,2,model_1
62,2026-04-13T19:08:28.049251,2,model_1
98,2026-04-13T19:08:28.203719,2,model_1
13,2026-04-13T19:08:28.222436,3,model_1
69,2026-04-13T19:08:28.380919,3,model_1
4,2026-04-13T19:08:28.408145,2,model_1
62,2026-04-13T19:08:28.560172,2,model_1
7,2026-04-13T19:08:28.605169,2,model_1
13,2026-04-13T19:08:28.728110,3,model_1
18,2026-04-13T19:08:28.820447,4,model_1
4,2026-04-13T19:08:28.956240,2,model_1
79,2026-04-13T19:08:29.055678,4,model_1
7,2026-04-13T19:08:29.293034,2,model_1
48,2026-04-13T19:08:29.340528,2,model_1
18,2026-04-13T19:08:29.703547,4,model_1
95,2026-04-13T19:08:29.753756,3,model_1
79,2026-04-13T19:08:29.958962,4,model_1
23,2026-04-13T19:08:30.052758,3,model_1
48,2026-04-13T19:08:30.266994,2,model_1
61,2026-04-13T19:08:30.420758,3,model_1
29,2026-04-13T19:08:30.665816,3,model_1
39,2026-04-13T19:08:30.842678,2,model_1
95,2026-04-13T19:08:31.104434,3,model_1
35,2026-04-13T19:08:31.254022,3,model_1
23,2026-04-13T19:08:31.505901,3,model_1
83,2026-04-13T19:08:31.898828,1,model_1
61,2026-04-13T19:08:32.159711,3,model_1
26,2026-04-13T19:08:32.420991,4,model_1
39,2026-04-13T19:08:32.504887,2,model_1
35,2026-04-13T19:08:32.778211,3,model_1
58,2026-04-13T19:08:32.830297,2,model_1
3,2026-04-13T19:08:33.183762,3,model_1
83,2026-04-13T19:08:33.390556,1,model_1
5,2026-04-13T19:08:33.437856,4,model_1
26,2026-04-13T19:08:33.620543,4,model_1
60,2026-04-13T19:08:33.669135,4,model_1
58,2026-04-13T19:08:34.029787,2,model_1
84,2026-04-13T19:08:34.157770,2,model_1
3,2026-04-13T19:08:34.377037,3,model_1
21,2026-04-13T19:08:34.657723,4,model_1
5,2026-04-13T19:08:34.815928,4,model_1
28,2026-04-13T19:08:35.025213,2,model_1
60,2026-04-13T19:08:35.155905,4,model_1
43,2026-04-13T19:08:35.290287,2,model_1
84,2026-04-13T19:08:35.449081,2,model_1
44,2026-04-13T19:08:35.505132,4,model_1
21,2026-04-13T19:08:35.630229,4,model_1
16,2026-04-13T19:08:35.681064,2,model_1
28,2026-04-13T19:08:35.817994,2,model_1
73,2026-04-13T19:08:35.865414,2,model_1
43,2026-04-13T19:08:36.163367,2,model_1
71,2026-04-13T19:08:36.222116,2,model_1
44,2026-04-13T19:08:36.392213,4,model_1
49,2026-04-13T19:08:36.417047,2,model_1
16,2026-04-13T19:08:36.579714,2,model_1
66,2026-04-13T19:08:36.600089,2,model_1
73,2026-04-13T19:08:36.778720,2,model_1
8,2026-04-13T19:08:36.811898,2,model_1
71,2026-04-13T19:08:36.951918,2,model_1
